125662,"TOTAL BIOFUEL PRODUCTION (LITRES)\n0.0 : 150000.0 : 3000000.0\nTotBioFuelProd_A=TotBioEthProd_B+TotBioDslProd_B","biofuels_module"
125778,"DRYLAND WATER USE:  SUNFLOWER AND SOYBEANS\n0.0 : 2368.42105263 : 45000.0\nDryWatUseSunSoy_A=DryWatUseSoy_A + DryWatUseSun_A","use_water_module"
125779,"DRYLAND WATER USE:  SUGARCANE, FRUITS AND NUTS (KM3)\n0.0 : 5000.0 : 100000.0\nDryWatUseFruitCane_A=DryWatUseCane_A + DryWatUseFruit_A","use_water_module"
125776,"DRYLAND WATER USE  GRAIN (KM3)\n0.0 : 400000.0 : 4000000.0\nDryWatUseGrain_A=DryGrainHA * 4936.5","use_water_module"
125566,"RetFlowPerc_B: % RETURN FLOW\n0.0 : 5.0 : 50.0\nRetFlowPerc_B=WaterUse_B*1.1","use_water_module"
125565,"WATER BALANCE INCLUDING  DAM ALLOCATIONS (70MM3/A)  FROM OUTSIDE CATCHMENT   YR MM3\n-150.0 : 8.13953488372 : 200.0\nWatBalance=ExpectedMar-PlnWatAbs","water_module"
125775,"YIELD: FRUIT AND NUTS (TONS) (2)\n0.0 : 100.0 : 2000.0\nYieldFruit_A=DryFruitMOGDBHA * 21.3","reality_module"
125772,"ExtraEarnSubsPerHouse: AGGREGATED SUBSISTENCE EARNINGS  PER HOUSEHOLD (R)\n0.0 : 200.0 : 5000.0\nExtraEarnSubsPerHouse=TotEarnSubs/RurHouse","informal_module"
125773,"DRYLAND WATER USE:  SUGARCANE (KM3)\n0.0 : 3529.41176471 : 60000.0\nDryWatUseCane_A=DryCaneHA * 1100","use_water_module"
125561,"TOTAL VAD:  IRRIGATED CROPS (1) (R/A)\n0.0 : 305250000.0 : 3052500000.0\nTotVADIrr=TotVADFruitCane_A+1*TVADIrrAgri","vad_module"
125771,"C969\n0.0 : 400000.0 : 10000000.0\nC969=HairSalonEarnings+CattleEarnings","informal_module"
125756,"PERC_BIOETHANOL_SUGARCANE\n0.0 : 0.1 : 1.0\nPercBioEthCane_B","biofuels_module"
125499,"IceBlockEarnings: EARNINGS FROM ICE BLOCKS\n0.0 : 200000.0 : 4000000.0\nIceBlockEarnings=WatUseIceBlocks*1700","informal_module"
125577,"WatAbsIndMinForIncRF: WATER ABSTRACTION FORESTRY, INDUSTRY, MINING  ( INCL RETURN FLOWS)\n0.0 : 30000000.0 : 300000000.0\nWatAbsIndMinForIncRF=AddItUp_C*1000000+WaterUse_D","use_water_module"
125564,"ProdRateMinInd: SUGAR MILL MALELANE (PRODUCTION RATES)\n0.0 : 18.75 : 150.0\nProdRateSugMillMal_A","use_water_module"
125569,"REAL  PLANTED: SOYBEANS (HA)\n0.0 : 10.0 : 100.0\nRealSoyHA_A","reality_module"
125759,"VAD FRUITS & NUTS (R/A)\n0.0 : 3000.0 : 63000.0\nVADFruitVegRA_B=DryWatUseFruit_B * 1.836000","vad_module"
125541,"WasteWatTreat_B: WASTEWATER  TREATMENT WORKS (M3/A)\n0.0 : 2000000.0 : 22000000.0\nWasteWatTreat_B=2*RurPop_C*100/1000","use_water_module"
125568,"VAD: MAIZE & WHEAT (R/A)\n0.0 : 250000.0 : 5000000.0\nVADCerealsRA_A=VADGrainRA_A+VADWheatRA_A","vad_module"
125748,"IrrTobac_A: IRRIGATION TOBACCO (M3/A)\n0.0 : 4000000.0 : 40000000.0\nIrrTobac_A=RealTobacHA_B*4729","use_water_module"
125785,"WaterUseTobac_A: WATER USE: TOBACCO\n0.0 : 25000.0 : 500000.0\nWaterUseTobac_B=DryTobacHA* 3938","use_water_module"
125709,": DRYLAND GRAIN (HA)\n0.0 : 80.0 : 800.0\nDryGrainHA","areas_module"
125708,"C879:  OTHER TOBACCO\n0.0 : 840.0 : 6720.0\nOtherTobacHA","areas_module"
125777,"DRYLAND WATER USE WHEAT (KM3)\n0.0 : 2352.94117647 : 40000.0\nDryWatUseWheat_A=DryWheatHA * 730.47","use_water_module"
125703,"REAL  PLANTED WHEAT(HA)\n0.0 : 4.0 : 48.0\nRealWheatHA_A","reality_module"
125702,"TVAD: FRUIT &  NUTS (1)(R/A)\n0.0 : 10000.0 : 220000.0\nTVADFruitRA_A=DryWatUseFruit_B * 5.400000","vad_module"
125701,"REAL  PLANTED: SUNFLOWER (HA)  (2)\n0.0 : 4.0 : 48.0\nRealSunHA_A","reality_module"
125700,"DIRECT VAD:   DRYLAND CROPS (R/A)\n0.0 : 1100000.0 : 22000000.0\nDirVADDryCrops=VADCaneFruitRA_A+VADTobacR","vad_module"
125572,"C880: SUNFLOWER\n0.0 : 4.0 : 48.0\nSunHA","areas_module"
125774,"WCTotWatUse: WESTERN CAPE  TOTAL WATER USE  M3/A\n0.0 : 100000000.0 : 2000000000.0\nWCTotWatUse=TotWaterUse_B+WatUseAbs1_B","use_water_module"
125705,"DRYLAND WATER USE:  GRAIN AND WHEAT (KM3)\n0.0 : 250000.0 : 5000000.0\nDryWatUseCereals_B=DryWatUseGrain_B + DryWatUseWheat_B","use_water_module"
125704,"BIOETHANOL_PRODN_WHEAT (3) (1)\n0.0 : 5000.0 : 100000.0\nBioEthProdWheat_A=RealWheatHA_A * 2016 * PercBioEthWheat_A","biofuels_module"
125523,"WatUseVegGard: WATER USE BUILDING\n0.0 : 1000.0 : 20000.0\nWatUseBuild=Building * 1.606","informal_module"
125518,"WaterUse_A: WATER USE\n0.0 : 31250.0 : 250000.0\nWaterUse_A","use_water_module"
125519,"VADMin:TVAD MINING\n0.0 : 2160000.0 : 21600000.0\nTVADMin=WaterUse_A * 5.4 * 16","vad_module"
125769,"YieldGrain_C: GRAIN YIELD\n0.0 : 500.0 : 5000.0\nYieldGrain_A=DryGrainHA * 5.7","reality_module"
125768,"C975\n0.0 : 1000000.0 : 20000000.0\nC975=C974","informal_module"
125765,"C970\n0.0 : 240000.0 : 6000000.0\nC970=GoatEarnings+IceBlockEarnings","informal_module"
125563,": SUGARCANE (HA)\n0.0 : 166.666666667 : 2000.0\nCaneHA","areas_module"
125767,"TotEarnSubs: TOTAL EARNINGS  FROM SUBSISTENCE (R)\n0.0 : 2000000.0 : 40000000.0\nTotEarnSubs=C975+C973","informal_module"
125766,"DRYLAND WATER USE: FRUITS AND NUTS (KM3)\n0.0 : 1764.70588235 : 30000.0\nDryWatUseFruit_A=800 * DryFruitMOGDBHA + 800 * DryFuitVegHA","use_water_module"
125516,"VegGardens: CATTLE\n0.0 : 350.0 : 7000.0\nCattle=RurHouse * 0.22","informal_module"
125517,"C947\n0.0 : 60500000.0 : 605000000.0\nC947=VADCerealsRA_A+C945","vad_module"
125763,"C972\n0.0 : 200000.0 : 5000000.0\nC972=VegGardEarnings+FruitTreeEarnings","informal_module"
125762,"RurPop_C: RURAL POPULATION  (M3/A)\n0.0 : 20000.0 : 300000.0\nRurPop_A","use_water_module"
125637,"BIODIESEL PRODN-SUNFLOWER\n0.0 : 2000.0 : 26000.0\nBioDslProdSun_B=PercBioDslSun_A*RealSunHA_B* 536","biofuels_module"
125688,"AddItUp_A: ADDITUP\n0.0 : 2000000.0 : 24000000.0\nAddItUp_A=WasteWatTreat_B+WaterUse_A","use_water_module"
125689,"TEMPERATURE RANGE (DEGREES CELCIUS)\n15.0 : 2.0 : 35.0\nTemperature","water_module"
125770,"C971\n0.0 : 600000.0 : 15000000.0\nC971=WatUseEarnings+BrewerEarnings","informal_module"
125682,"LAND RATIO (LR) SUNFLOWER\n0.1 : 0.2 : 1.7\nLRSun_C","reality_module"
125683,"WATER USE ABSTRACTION  (M3/A)\n0.0 : 32000000.0 : 320000000.0\nWatUseAbs_A=1*UrbPopWatUse_B+1*WatUseIrr_A","use_water_module"
125680,"TOTAL BIODIESEL PRODN (LITRES)\n0.0 : 4000.0 : 40000.0\nTotBioDslProd_A=BioDslProdSun_A + BioDslProdSoy_A","biofuels_module"
125681,"LAND RATIO (LR) SOY\n0.1 : 0.2 : 1.7\nLRSoy_A","reality_module"
125686,"YIELD: SUGARCANE TONS\n0.0 : 250.0 : 5000.0\nYieldCane_A=RealCaneHA_A * 66.65","reality_module"
125687,"PERC_SOYFORBIODIESEL\n0.0 : 0.1 : 1.0\nPercBioDslSoy_A","biofuels_module"
125684,"LAND RATIO (LR) WHEAT\n0.1 : 0.2 : 1.7\nLRSun_A","reality_module"
125685,": DRYLAND WHEAT (HA)\n0.0 : 4.0 : 48.0\nDryWheatHA","areas_module"
125733,"WATER USE: DRYLAND M3/A\n0.0 : 280000.0 : 5600000.0\nWatUseDryland_A=DryWatUseFruitCane_B + C884_A_A_A_B","use_water_module"
125677,"REAL  PLANTED (GRAIN) (HA)\n0.0 : 20.0 : 200.0\nRealGrainHA_A","reality_module"
125676,"REAL  PLANTED (FRUIT & NUTS) (HA)\n0.0 : 333.333333333 : 3000.0\nRealFruitHA_A","reality_module"
125675,"C881: WATER RATIO\n0.0 : 40.0 : 400.0\nWaterRatio_A","reality_module"
125674,"REAL  PLANTED: FRUIT&VEG (HA)  (2)\n0.0 : 2.0 : 16.0\nRealFruitVegHA_A","reality_module"
125673,"DAMS: WATER STORED  LAST YEAR (KM3)\n0.0 : 3.75 : 30.0\nDamsLastYear","water_module"
125672,"TOTAL BIOFUEL PRODUCTION (LITRES): DRYLAND CROPS\n0.0 : 260000.0 : 5200000.0\nTotBioFuelProdDry_B=TotBioEthProd_A + TotBioDslProd_A","biofuels_module"
125670,"EVAPORATION RATE MAR (MM/A)\n0.0 : 12.0 : 240.0\nEvapRatMAR","water_module"
125521,"DirVADWC: DIRECT VAD WESTERN CAPE(R)\n0.0 : 320000000.0 : 3200000000.0\nDirVADWC=VASForMin+SumDirectVAD","vad_module"
125678,"VAD GRAIN (R/A)\n0.0 : 800000.0 : 8000000.0\nVADGrainRA_B=DryWatUseGrain_B * 1.836000","vad_module"
125758,"TOTAL VAD:  DRYLAND CROPS (1) (R/A)\n0.0 : 6000000.0 : 120000000.0\nTotVADDry= TotVADFruitCane_B+VADTobacR","vad_module"
125570,"IRRIGATION: SUNFLOWER AND SOYBEANS\n0.0 : 100000.0 : 1000000.0\nIrrSunSoy_A=IrrSoy_B+IrrSun_A","use_water_module"
125476,"IRRIGATION: GRAIN AND WHEAT (M3/A)\n0.0 : 1000000.0 : 12000000.0\nIrrCereals_B=IrrGrain_A + IrrWheat_B","use_water_module"
125669,"REAL  PLANTED (SUGARCANE) (HA)\n0.0 : 4.0 : 48.0\nRealCaneHA_A","reality_module"
125501,"WatUseVegGard: WATER USE GOATS  HH TOTAL\n0.0 : 2000.0 : 50000.0\nWatUseGoats=GoatesHH * 2.46375","informal_module"
125500,"VegGardens: NO OF BREWERS\n0.0 : 25.0 : 500.0\nNumBrewers=RurHouse * 0.02","informal_module"
125752,"C954_A_A_A\n0.0 : 35000000.0 : 350000000.0\nC954_A_A_A=UrbPopWatUse_C+WatUseAbs_A","use_water_module"
125753,"RurHouse: RURAL HOUSEHOLDS\n0.0 : 1000.0 : 25000.0\nRurHouse","informal_module"
125754,"VADFor: VAD FORESTRY\n0.0 : 13450000.0 : 134500000.0\nVADFor=WaterUse_D*1.345","vad_module"
125504,"WatUseVegGard: WATER USE CATTLE\n0.0 : 10000.0 : 200000.0\nWatUseCattle=Cattle * 25.823","informal_module"
125507,"VegGardens: ICE BLOCK HHS\n0.0 : 325.0 : 6500.0\nIceBlockHH=RurHouse * 0.095","informal_module"
125757,"C974\n0.0 : 800000.0 : 20000000.0\nC974=C971+C972","informal_module"
125699,"WATER USE ABSTRACTION 1 (KM3)\n0.0 : 325000.0 : 6500000.0\nWatUseAbs1_A=1 * WatUseDryland_A+WaterUseTobac_A","use_water_module"
125698,"TOT VAD:  SUGARCANE & FRUIT& NUTS (1) (R/A)\n0.0 : 104000000.0 : 1040000000.0\nTotVADFruitCane_A=TVADCaneRA_B+TVADFruitRA_B","vad_module"
125573,"VAD WHEAT (R/A)\n0.0 : 50000.0 : 1000000.0\nVADWheatRA_A=IrrWheat_A*1.836000","vad_module"
125560,": FRUIT:MOGBD\n0.0 : 333.333333333 : 3000.0\nFruitHA","areas_module"
125690,"TOTAL BIOETHANOL_PRODN (LITRES)\n0.0 : 500000.0 : 5000000.0\nTotBioEthProd_A=BioEthProdWheatAndGrain_A + BioEthProdCane_B","biofuels_module"
125693,"YieldTobac_A:YIELD:TOBACCO\n0.0 : 2500.0 : 25000.0\nYieldTobac_A=RealTobacHA_B*2.89","reality_module"
125692,"RAINFALL MM/A\n0.0 : 120.0 : 1200.0\nRain","water_module"
125695,"PERC_BIOETHANOL_WHEAT  (1)\n0.0 : 0.1 : 1.0\nPercBioEthWheat_A","biofuels_module"
125694,"REAL  PLANTED (GRAIN) (HA)\n0.0 : 80.0 : 800.0\nRealGrainHA_B","reality_module"
125696,"BioEthProdWheatAndGrain_B:WHEAT&GRAIN BIOETHANOLPRODUCTION\n600000.0 : 153846.153846 : 2600000.0\nBioEthProdWheatAndGrain_A=BioEthProdGrain_B + BioEthProdWheat_A","biofuels_module"
125592,"PERC_BIOETHANOL_GRAIN\n0.0 : 0.1 : 1.0\nPercBioEthGrain_A","biofuels_module"
125488,"URBAN POPULATION  WATER USE (M3/A)\n0.0 : 400000.0 : 8000000.0\nUrbPopWatUse_A=RurPop_B * 25","use_water_module"
125590,"WATER USE: IRRIGATION (1) (KM3)\n0.0 : 25000000.0 : 250000000.0\nWatUseIrr_A=IrrCaneFruit_B+C884_A_A_A","use_water_module"
125591,"PERC_BIOETHANOL_WHEAT  (1)\n0.0 : 0.1 : 1.0\nPercBioEthWheat_B","biofuels_module"
125596,"TVAD GRAIN (1) (R/A)\n0.0 : 1000000.0 : 10000000.0\nTVADGrainRA_A=IrrGrain_B*5.400000","vad_module"
125597,"LAND RATIO (LR) SUNFLOWER\n0.1 : 0.2 : 1.7\nLRSun_B","reality_module"
125594,"DIRECT VAD:  IRRIGATED CROPS (R/A)\n0.0 : 100000000.0 : 1000000000.0\nDirVADIrrCrops=VADCaneFruitRA_B+1*C947","vad_module"
125522,"VegGardens: FRUIT TREES\n0.0 : 1000.0 : 20000.0\nFuitTrees=RurHouse *0.57","informal_module"
125598,": WHEAT (HA)\n0.0 : 4.0 : 48.0\nWheatHA","areas_module"
125599,"WaterUseRF_A: WATER USE INCL RETURN FLOWS\n-80.0 : 10.0 : 80.0\nWaterUseRF_A=WaterUse_C-RetFlowPerc_A","use_water_module"
125639,"REAL  PLANTED: SUNFLOWER (HA)  (2)\n0.0 : 4.0 : 48.0\nRealSunHA_B","reality_module"
125471,"TotWaterUse_A:TOTAL WATER USE\n0.0 : 47058823.5294 : 800000000.0\nTotWaterUse_B=C954_A_A_A_B + C896_A_A_A_B","use_water_module"
125602,"YieldGrain_C: GRAIN YIELD\n0.0 : 500.0 : 5000.0\nYieldGrain_B=RealGrainHA_B * 5.7","reality_module"
125603,"TOT VAD:  SUGARCANE & FRUIT& NUTS (1) (R/A)\n0.0 : 3500000.0 : 70000000.0\nTotVADFruitCane_B=TVADCaneRA_A + TVADFruitRA_A","vad_module"
125600,"LAND RATIO F&V\n0.1 : 0.2 : 1.7\nLRFruitVeg_D","reality_module"
125601,"IRRIGATION: FRUIT, VEG, NUTS (M3/A)\n0.0 : 10000000.0 : 100000000.0\nIrrFruitVeg_A=8089*RealFruitHA_A+8089*RealFruitVegHA_B","use_water_module"
125606,": DRYLAND SUGARCANE (HA)\n0.0 : 4.0 : 48.0\nDryCaneHA","areas_module"
125607,"IRRIGATION: SUGARCANE (M3/A)\n0.0 : 5000000.0 : 50000000.0\nIrrCane_A=RealCaneHA_B * 13527","use_water_module"
125604,": DRYLAND FRUIT: MOGBD\n0.0 : 333.333333333 : 3000.0\nDryFruitMOGDBHA","areas_module"
125605,"MEAN ANNUAL RUN-OFF KM3 (1) (1)\n0.0 : 12.0 : 180.0\nMAR=Rain * 135 / 948 ","water_module"
125472,"IRRIGATION: SUGARCANE, FRUITS AND NUTS(M3/A)\n0.0 : 10000000.0 : 150000000.0\nIrrCaneFruit_A=IrrCane_B + IrrFruitVeg_B","use_water_module"
125736,"PERC_BIOETHANOL_GRAIN\n0.0 : 0.1 : 1.0\nPercBioEthGrain_B","biofuels_module"
125608,"URBAN POPULATION  WATER USE (M3/A)\n0.0 : 3000000.0 : 60000000.0\nUrbPopWatUse_B=RurPop_C*200","use_water_module"
125609,"DRYLAND WATER USE: FRUITS AND NUTS (KM3)\n0.0 : 1764.70588235 : 30000.0\nDryWatUseFruit_B=800 * RealFruitHA_B + 800 * RealFruitVegHA_A","use_water_module"
125473,"IRRIGATION WHEAT (M3/A)\n0.0 : 40000.0 : 400000.0\nIrrWheat_B=WheatHA * 7300","use_water_module"
125647,"LAND RATIO (LR) GRAIN\n0.1 : 0.2 : 1.7\nLRGrain_A","reality_module"
125737,"TOT VAD:  MAIZE & WHEAT (1)\n0.0 : 2420000.0 : 24200000.0\nTotVADCereal_B=TVADWheatRA_B + TVADGrainRA_B","vad_module"
125788,"WATER USE: DRYLAND M3/A\n0.0 : 325000.0 : 6500000.0\nWatUseDryland_B=DryWatUseFruitCane_A + C884_A_A_A_D","use_water_module"
125479,"WATER USE: IRRIGATION (1) (KM3)\n0.0 : 25000000.0 : 250000000.0\nWatUseIrr_B=IrrCaneFruit_A + C884_A_A_A_C","use_water_module"
125734,"TVAD GRAIN (1) (R/A)\n0.0 : 2200000.0 : 22000000.0\nTVADGrainRA_B=DryWatUseGrain_B * 5.400000","vad_module"
125650,"DRYLAND WATER USE  GRAIN (KM3)\n0.0 : 400000.0 : 4000000.0\nDryWatUseGrain_B=RealGrainHA_B * 4936.5","use_water_module"
125475,"C884_A_A_A\n0.0 : 8000000.0 : 80000000.0\nC884_A_A_A_C=IrrCereals_B + C935_A_A_A_B","use_water_module"
125735,"TVAD SUGARCANE (1) (R/A)\n0.0 : 30000.0 : 660000.0\nTVADCaneRA_A=DryWatUseCane_B * 9.910000","vad_module"
125474,"C896_A_A_A\n0.0 : 35000000.0 : 350000000.0\nC896_A_A_A_B=AddItUp_B + WatAbsIndMinForIncRF","use_water_module"
125731,"YieldSoy_A:YIELD SOYBEANS (TONS)\n0.0 : 50.0 : 500.0\nYieldSoy_C=RealSoyHA_B * 3.125","reality_module"
125726,"BIODIESEL PRODN-SOYBEANS\n0.0 : 500.0 : 10000.0\nBioDslProdSoy_A=PercBioDslSoy_B * RealSoyHA_B * 86","biofuels_module"
125668,"YIELD: SUGARCANE TONS\n0.0 : 10000.0 : 200000.0\nYieldCane_B=RealCaneHA_B*66.65","reality_module"
125481,"URBAN POPULATION  WATER USE (M3/A)\n0.0 : 3000000.0 : 60000000.0\nUrbPopWatUse_D=UrbPop * 200","use_water_module"
125782,"WATER USE ABSTRACTION 1 (KM3)\n0.0 : 6818181.81818 : 150000000.0\nWatUseAbs1_B=1 * WatUseDryland_B + WaterUseTobac_B","use_water_module"
125667,"DRYLAND WATER USE:  SUNFLOWER AND SOYBEANS\n0.0 : 2368.42105263 : 45000.0\nDryWatUseSunSoy_B=DryWatUseSoy_B + DryWatUseSun_B","use_water_module"
125478,"IRRIGATION GRAIN(M3/A)\n0.0 : 180000.0 : 1800000.0\nIrrGrain_A=GrainHA*7520","use_water_module"
125738,"WCTotBiofuels: WESTERN CAPE TOTAL BIOFUELS (LITRES)\n0.0 : 555555.555556 : 10000000.0\nWCTotBiofuels=TotBioFuelProd_A+TotBioFuelProdDry_B","biofuels_module"
125581,"WaterUse_B: WATER USE\n0.0 : 2.0 : 16.0\nWaterUse_B","use_water_module"
125580,"YIELD WHEAT","reality_module"
125583,"IRRIGATION GRAIN(M3/A)\n0.0 : 180000.0 : 1800000.0\nIrrGrain_B=RealGrainHA_A * 7520","use_water_module"
125483,"IRRIGATION: FRUIT, VEG, NUTS (M3/A)\n0.0 : 10000000.0 : 100000000.0\nIrrFruitVeg_B=8089 * FruitHA + 8089 * OtherFruitVegHA","use_water_module"
125585,"WaterUse_D: WATER USE\n0.0 : 10000000.0 : 100000000.0\nWaterUse_D=PineHA*1125+EucHA*1125","use_water_module"
125584,"IRRIGATION: GRAIN AND WHEAT (M3/A)\n0.0 : 1000000.0 : 12000000.0\nIrrCereals_A=IrrGrain_B+IrrWheat_A","use_water_module"
125587,"DAMS: PLANNED WATER  STORAGE THIS YR (KM3)\n0.0 : 25.0 : 250.0\nPlnDamStor=PlnStorAbs+DamsLastYear","water_module"
125586,"REAL  PLANTED: FRUIT&VEG (HA)  (2)\n0.0 : 840.0 : 6720.0\nRealFruitVegHA_B","reality_module"
125589,"TVAD: FRUIT &  NUTS (1)(R/A)\n0.0 : 54000000.0 : 540000000.0\nTVADFruitRA_B=IrrFruitVeg_A*5.400000","vad_module"
125588,"TOTAL BIOETHANOL_PRODN (LITRES)\n0.0 : 280000.0 : 2800000.0\nTotBioEthProd_B=BioEthProdWheatAndGrain_B+BioEthProdCane_A","biofuels_module"
125562,"IRRIGATION WHEAT (M3/A)\n0.0 : 40000.0 : 400000.0\nIrrWheat_A=RealWheatHA_B* 7300","use_water_module"
125482,"WATER USE ABSTRACTION  (M3/A)\n0.0 : 32000000.0 : 320000000.0\nWatUseAbs_B=1 * UrbPopWatUse_D + 1 * WatUseIrr_B","use_water_module"
125485,"C969\n0.0 : 10000.0 : 220000.0\nC_C969=WatUseHair+WatUseCattle","informal_module"
125611,"LAND RATIO (LR) WHEAT\n0.1 : 0.2 : 1.7\nLRSun_D","reality_module"
125610,"EXPECTED NET MAR THIS YR KM3\n-120.0 : 9.6 : 120.0\nExpectedMAR=MAR-c933","water_module"
125612,"PERC_BIOETHANOL_SUGARCANE\n0.0 : 0.1 : 1.0\nPercBioEthCane_A","biofuels_module"
125615,"REAL  PLANTED (FRUIT & NUTS) (HA)\n0.0 : 2.0 : 18.0\nRealFruitHA_B","reality_module"
125525,"HairSalonEarnings: HAIR SALON  EARNINGS (R)\n0.0 : 175000.0 : 3500000.0\nHairSalonEarnings=WatUseHair*840","informal_module"
125617,"YieldSun_B: SUNFLOWER SEED YIELD (TONS)\n0.0 : 4.0 : 48.0\nYieldSun_B=RealSunHA_B*1","reality_module"
125619,"EVAPORATION LOSSES DAMS MM3/A (1)\n0.0 : 2.27272727273 : 50.0\nEvapLossesDams=PlnDamStor* 0.8 * (0.7 * EvapRateDam/1700)","water_module"
125618,": GRAIN (HA)\n0.0 : 20.0 : 200.0\nGrainHA","areas_module"
125645,"YieldTobac_A:YIELD:TOBACCO\n0.0 : 40.0 : 400.0\nYieldTobac_C=RealTobacHA_A * 2.89","reality_module"
125487,"C971\n0.0 : 1500.0 : 30000.0\nC_C971=WatUseBuild+WatUseBrewers","informal_module"
125742,"VADTobac: TVAD TOBACCO\n0.0 : 200000000.0 : 2000000000.0\nTVADTobac_A=IrrTobac_A * 5.4 * 8","vad_module"
125509,"CattleEarnings: EARNINGS FROM  CATTLE (R)\n0.0 : 250000.0 : 5000000.0\nCattleEarnings=WatUseCattle*22","informal_module"
125652,"C878: SOYBEANS IRRIGATED\n0.0 : 10.0 : 100.0\nIrrSoyHA","areas_module"
125508,"BrewerEarnings: EARNINGS FROM BREWERS (R)\n0.0 : 260000.0 : 6500000.0\nBrewerEarnings=WatUseBrewers*1050","informal_module"
125547,"RetFlowPerc_A: % RETURN FLOW\n0.0 : 5.0 : 50.0\nRetFlowPerc_A=WaterUse_C*0.5","use_water_module"
125550,"WaterUse_C: WATER USE\n0.0 : 3.0 : 24.0\nWaterUse_C","use_water_module"
125469,"C935_A_A_A\n0.0 : 5000000.0 : 50000000.0\nC935_A_A_A_B=IrrSunSoy_B + IrrTobac_B","use_water_module"
125751,"C945: TOTAL VAD IRRIGATED AGRICULTURE (R)\n0.0 : 202000000.0 : 2020000000.0\nTVADIrrAgri=TVADTobac_A+TotVADCereal_A","vad_module"
125790,"YieldTobac_A:YIELD:TOBACCO\n0.0 : 40.0 : 400.0\nYieldTobac_B=DryTobacHA * 2.89","reality_module"
125630,"VAD FRUIT, NUTS, VEG (R/A)\n0.0 : 20000000.0 : 200000000.0\nVADFruitVegRA_A=IrrFruitVeg_A*1.836000","vad_module"
125540,"C879:  OTHER F&V\n0.0 : 840.0 : 6720.0\nOtherFruitVegHA","areas_module"
125747,"C945\n0.0 : 60000000.0 : 600000000.0\nC945=VADTobac","vad_module"
125744,"VAD WHEAT (R/A)\n0.0 : 8000.0 : 80000.0\nVADWheatRA_B=DryWatUseWheat_B * 1.836000","vad_module"
125535,"TVAD WHEAT (1) (R/A)\n0.0 : 250000.0 : 2500000.0\nTVADWheatRA_A=IrrWheat_A*5.400000","vad_module"
125534,"VegGardens: BUILDING\n0.0 : 500.0 : 12500.0\nBuilding=RurHouse * 0.485","informal_module"
125746,"YieldWheat_A: YIELD: WHEAT (TONS)\n0.0 : 50.0 : 1000.0\nYieldWheat_B=RealWheatHA_A * 19.4","reality_module"
125745,"VASForMin: VAD FORESTRY  & MINING\n0.0 : 10000000.0 : 150000000.0\nVASForMin=VADFor+VADMin","vad_module"
125537,"VAD: SUGARCANE & FRUIT& NUTS (R/A)\n0.0 : 25000.0 : 700000.0\nVADCaneFruitRA_A=VADCaneRA_B + VADFruitVegRA_B","vad_module"
125530,"BIODIESEL PRODN-SOYBEANS\n0.0 : 500.0 : 10000.0\nBioDslProdSoy_B=PercBioDslSoy_A*RealSoyHA_A* 86","biofuels_module"
125629,"PLANNED WATER AVAILABLE  THIS YR (MM3)\n-210.0 : 37.0 : 493.0\nPlnWatAvail=WatBalance-DamStor","water_module"
125532,"TotVADDryTobac: TOTAL VAD DRYLAND TOBACCO\n0.0 : 1000000.0 : 22000000.0\nTotVADDryTobac=WaterUseTobac_A*5.4*8","vad_module"
125654,"EucHA: EUCALYPTUS \n0.0 : 3750.0 : 30000.0\nEucHA","areas_module"
125624,"YieldGrain_C: GRAIN YIELD\n0.0 : 100.0 : 1000.0\nYieldGrain_C=RealGrainHA_A*5.7","reality_module"
125743,"VADMin:VAD MINING\n0.0 : 800000.0 : 8000000.0\nVADMin=WaterUse_A*1.836*16","vad_module"
125626,"VAD SUGARCANE (R/A)\n0.0 : 20400.0 : 510000.0\nVADCaneRA_B=DryWatUseCane_B * 0.920000","vad_module"
125627,"LAND RATIO (LR) SUGARCANE\n0.1 : 0.2 : 1.7\nLRCane_A","reality_module"
125538,"VADTobacR\n0.0 : 2000000.0 : 50000000.0\nVADTobacR=TotVADCereal_B+TotVADDryTobac","vad_module"
125503,"VegGardens: GOATS HH\n0.0 : 500.0 : 12000.0\nGoatesHH=RurHouse * 0.255","informal_module"
125749,"URBAN POPULATION  WATER USE (M3/A)\n0.0 : 400000.0 : 8000000.0\nUrbPopWatUse_C=RurPop_A * 25","use_water_module"
125623,"BIOETHANOL_PRODN_SUGARCANE\n0.0 : 102500.0 : 2050000.0\nBioEthProdCane_A=RealCaneHA_B*1014*PercBioEthCane_A","biofuels_module"
125556,"BioEthProdWheatAndGrain_B:WHEAT&GRAIN BIOETHANOLPRODUCTION\n0.0 : 200000.0 : 2000000.0\nBioEthProdWheatAndGrain_B=BioEthProdGrain_A+BioEthProdWheat_B","biofuels_module"
125557,"TotWaterUse_A:TOTAL WATER USE\n0.0 : 47058823.5294 : 800000000.0\nTotWaterUse_A=C954_A_A_A+C896_A_A_A","use_water_module"
125554,"VAD: SUGARCANE & FRUIT& NUTS (R/A)\n0.0 : 25000000.0 : 250000000.0\nVADCaneFruitRA_B=VADCaneRA_A+VADFruitVegRA_A","vad_module"
125555,"uRBAN POPULATION  WATER USE (M3/A)\n0.0 : 3000000.0 : 60000000.0\nUrbPopWatUse_B=RurPop_C*200","use_water_module"
125552,"RurPop_C: URBAN POPULATION  (M3/A)\n0.0 : 20000.0 : 300000.0\nRurPop_C","use_water_module"
125741,"VADTobacR: VAD TOBACCO (R)\n0.0 : 500000.0 : 10000000.0\nVADTobacR=WaterUseTobac_A*1.836*8","vad_module"
125648,"DRYLAND WATER USE:  SUGARCANE (KM3)\n0.0 : 3529.41176471 : 60000.0\nDryWatUseCane_B=RealCaneHA_A * 1100","use_water_module"
125551,"PLANNED STORAGE  ABSTRACTION THIS YR\n0.0 : 20.0 : 200.0\nPlnStorAbs=IntBasTransNels+PlnWatAbs","water_module"
125646,"EVAPORATION RATE  DAMS (MM/A)\n0.0 : 12.0 : 240.0\nEvapRateDam","water_module"
125651,"DRYLAND WATER USE WHEAT (KM3)\n0.0 : 2352.94117647 : 40000.0\nDryWatUseWheat_B=RealWheatHA_A * 730.47","use_water_module"
125533,"LAND RATIO (LR) FRUIT & VEG\n0.1 : 0.2 : 1.7\nLRFruitVeg_A","reality_module"
125643,"REAL  PLANTED: TOBACCO (HA)  (2)\n0.0 : 840.0 : 6720.0\nRealTobacHA_B","reality_module"
125558,"VADFor: TVAD FORESTRY\n0.0 : 175100000.0 : 1751000000.0\nTVADFor=WaterUse_D * 17.51","vad_module"
125559,"EVAPORATION LOSSES KM3/A\n0.0 : 1.85185185185 : 50.0\nEvapLosses= MAR* 0.7*EvapRatMAR/1700","water_module"
125582,"PERC_SUNFLOWERFORBIODIESEL\n0.0 : 0.1 : 1.0\nPercBioDslSun_A","biofuels_module"
125653,"AddItUp_C: ADDITUP\n-160.0 : 20.0 : 160.0\nAddItUp_C=WaterUseRF_A+WaterUseRF_B","use_water_module"
125625,"TVAD SUGARCANE (1) (R/A)\n0.0 : 50000000.0 : 500000000.0\nTVADCaneRA_B=IrrCane_A*9.910000","vad_module"
125512,"TOTAL BIODIESEL PRODN (LITRES)\n0.0 : 4000.0 : 40000.0\nTotBioDslProd_B=BioDslProdSun_B+BioDslProdSoy_B","biofuels_module"
125466,"RurPop_C: URBAN POPULATION  (M3/A)\n0.0 : 20000.0 : 300000.0\nUrbPop","use_water_module"
125506,"TotEarnSubs: TOTAL WATER-USE: SUBSISTENCE (M3)\n0.0 : 24000.0 : 600000.0\nTotWatUseSubs=C_C975 + C_C973","informal_module"
125505,"WatUseVegGard: WATER USE ICE BLOCKS\n0.0 : 100.0 : 2200.0\nWatUseIceBlocks=IceBlockHH * 0.32485","informal_module"
125787,"YieldFruitVeg_A: FRUIT AND VEG (MORE) (TONS)\n0.0 : 30.0 : 300.0\nYieldFruitVeg_B=DryFuitVegHA * 13.93","reality_module"
125486,"C974\n0.0 : 12000.0 : 300000.0\nC_C974=C_C971 + C_C972","informal_module"
125750,"VADTobacR\n0.0 : 1000000.0 : 20000000.0\nVADTobacR=VADCerealsRA_B+VADTobacR","vad_module"
125529,"WatUseVegGard: WATER USE BREWERS\n0.0 : 300.0 : 6000.0\nWatUseBrewers=NumBrewers * 8.34","informal_module"
125539,"ProdRateMinInd: SUGAR MILL MALELANE (PRODUCTION RATES)\n0.0 : 18.75 : 150.0\nProdRateSugMillMal_B","use_water_module"
125732,"BIOETHANOL_PRODN_GRAIN (3)\n0.0 : 100000.0 : 2000000.0\nBioEthProdGrain_B=RealGrainHA_B * 2460 * PercBioEthGrain_B","biofuels_module"
125489,"AddItUp_A: ADDITUP\n0.0 : 2000000.0 : 24000000.0\nAddItUp_B=WasteWatTreat_A + WaterUse_A","use_water_module"
125730,"WaterUseTobac_A: WATER USE: TOBACCO\n0.0 : 25000.0 : 500000.0\nWaterUseTobac_A=RealTobacHA_A*3938","use_water_module"
125520,"WatUseEarnings: EARNINGS FROM  WATER USE (R)\n0.0 : 240000.0 : 6000000.0\nWatUseEarnings=WatUseBuild*300","informal_module"
125527,"PlnWatAbs: PLANNED WATER ABSTRACTION WITHIN NELSPRUIT MAGISTERIAL  DISTRICT\n0.0 : 2.0 : 30.0\nPlnWatAbs","water_module"
125526,"TOT VAD:  MAIZE & WHEAT (1)\n0.0 : 1250000.0 : 12500000.0\nTotVADCereal_A=TVADWheatRA_A+TVADGrainRA_A","vad_module"
125513,"VegGardEarnings: EARNINGS FROM  VEG GARDENS\n0.0 : 80000.0 : 2000000.0\nVegGardEarnings=WatUseVegGard*13","informal_module"
125524,"VASForMin: TVAD FORESTRY  & MINING\n0.0 : 177260000.0 : 1772600000.0\nTVADForMin=TVADFor + TVADMin","vad_module"
125480,"IrrTobac_A: IRRIGATION TOBACCO (M3/A)\n0.0 : 4000000.0 : 40000000.0\nIrrTobac_B=OtherTobacHA * 4729","use_water_module"
125632,"LAND RATIO F&V\n0.1 : 0.2 : 1.7\nLRFruitVeg_B","reality_module"
125631,"BIODIESEL PRODN-SUNFLOWER\n0.0 : 2000.0 : 26000.0\nBioDslProdSun_A=PercBioDslSun_B * RealSunHA_A * 536","biofuels_module"
125528,"ProdRateMinInd: MINING & INDUSTRY (PRODUCTION RATES)\n0.0 : 18.75 : 150.0\nProdRateMinInd","use_water_module"
125484,"IRRIGATION: SUGARCANE (M3/A)\n0.0 : 5000000.0 : 50000000.0\nIrrCane_B=CaneHA * 13527","use_water_module"
125636,"LAND RATIO (LR) GRAIN\n0.1 : 0.2 : 1.7\nLRGrain_B","reality_module"
125635,"REAL  PLANTED: TOBACCO (HA)  (2)\n0.0 : 15.0 : 120.0\nRealTobacHA_A","reality_module"
125634,"LAND RATIO TOBACCO\n0.1 : 0.2 : 1.7\nLRTobac_A","reality_module"
125545,"REAL  PLANTED (SUGARCANE) (HA)\n0.0 : 166.666666667 : 2000.0\nRealCaneHA_B","reality_module"
125544,"LAND RATIO (LR) SOY\n0.1 : 0.2 : 1.7\nLRSoy_B","reality_module"
125468,"WasteWatTreat_B: WASTEWATER  TREATMENT WORKS (M3/A)\n0.0 : 2000000.0 : 22000000.0\nWasteWatTreat_A=2 * UrbPop * 100 / 1000","use_water_module"
125546,"VAD SUGARCANE (R/A)\n0.0 : 5000000.0 : 50000000.0\nVADCaneRA_A=IrrCane_A*0.920000","vad_module"
125659,"YieldFruitVeg_A: FRUIT AND VEG (MORE) (TONS)\n0.0 : 20000.0 : 400000.0\nYieldFruitVeg_A=RealFruitVegHA_B * 13.93","reality_module"
125791,"YieldSoy_A:YIELD SOYBEANS (TONS)\n0.0 : 50.0 : 500.0\nYieldSoy_B=DrySoyHA * 3.125","reality_module"
125792,"YieldWheat_A: YIELD: WHEAT (TONS)\n0.0 : 50.0 : 1000.0\nYieldWheat_C=DryWheatHA * 19.4","reality_module"
125542,"C881: WATER RATIO\n0.0 : 40.0 : 400.0\nWaterRatio_B","reality_module"
125655,"DRYLAND WATER USE:  SOYBEANS (KM3)\n0.0 : 263.157894737 : 5000.0\nDryWatUseSoy_B=RealSoyHA_B * 459","use_water_module"
125463,"ProdWatIndustry: PRODUCTIVE WATER USE  IN PULPMILLS, FORESTRY,  MINING & INDUSTRY WATER\n0.0 : 15025000.0 : 300500000.0\nProdWatIndustry=WaterUse_A+WatAbsIndMinForIncRF","use_water_module"
125657,"WaterUseAlienVeg: WATER USE: ALIEN VEGETATION MM3\n0.0 : 10.0 : 100.0\nWaterUseAlienVeg=0.17868*AlienVeg","water_module"
125656,"PineHA: PINE \n0.0 : 5250.0 : 42000.0\nPineHA","areas_module"
125549,"IRRIGATION: SOYBEANS (M3/A)\n0.0 : 50000.0 : 500000.0\nIrrSoy_B=RealSoyHA_A*4590","use_water_module"
125548,"C935_A_A_A\n0.0 : 5000000.0 : 50000000.0\nC935_A_A_A=IrrSunSoy_A+IrrTobac_A","use_water_module"
125464,"ProdWatSubs: PRODUCTIVE SUBSISTENCE  WATER USE ADDED TO ProdWatIndustry\n0.0 : 16000000.0 : 320000000.0\nProdWatSubs=ProdWatIndustry+TotWatUseSubs","use_water_module"
125465,"TotProdWatNelspruit: TOTAL WATER PRODUCTIVELY  USED IN NELSPRUIT MAGISTERIAL  DISTRICT IN ALL SECTORS\n0.0 : 66000000.0 : 1320000000.0\nTotProdWatNelspruit=ProdWatSubs+ProdWaterUseComAgri","use_water_module"
125755,"NoHairSalons: NO OF HAIR SALONS\n0.0 : 20.0 : 500.0\nNoHairSalons","informal_module"
125740,"ProdWaterUseComAgri: PRODUCTIVE WATER USE IN COMMERCIAL AGRICULTURE M3/A\n0.0 : 55555555.5556 : 1000000000.0\nProdWaterUseComAgri=WatUseAbs1_A+WatUseIrr_A","use_water_module"
125593,"REAL  PLANTED WHEAT(HA)\n0.0 : 4.0 : 48.0\nRealWheatHA_B","reality_module"
125739,"VAD: MAIZE & WHEAT (R/A)\n0.0 : 880000.0 : 8800000.0\nVADCerealsRA_B=VADGrainRA_B + VADWheatRA_B","vad_module"
125497,"WatUseVegGard: WATER USE FRUIT TREES\n0.0 : 7500.0 : 150000.0\nWatUseFruit=FuitTrees * 4.639","informal_module"
125496,"ExtraEarnSubsPerHouse: AGGREGATED EXTRA WATER USE FOR SUBSISTENCE  PER HOUSEHOLD (R)\n0.0 : 2.0 : 50.0\nExtraWatSubsPerHouse=TotWatUseSubs / RurHouse","informal_module"
125495,"C975\n0.0 : 12000.0 : 300000.0\nC_C975=C_C974","informal_module"
125494,"C970\n0.0 : 2200.0 : 55000.0\nC_C970=WatUseGoats+WatUseIceBlocks","informal_module"
125493,"C954_A_A_A\n0.0 : 35000000.0 : 350000000.0\nC954_A_A_A_B=UrbPopWatUse_A + WatUseAbs_B","use_water_module"
125492,"RurPop_C: RURAL POPULATION  (M3/A)\n0.0 : 20000.0 : 300000.0\nRurPop_B","use_water_module"
125491,"C973\n0.0 : 12000.0 : 300000.0\nC_C973=C_C969 + C_C970","informal_module"
125490,"C972\n0.0 : 10000.0 : 250000.0\nC_C972=WatUseVegGard + WatUseFruit","informal_module"
125649,"YIELD: FRUIT AND NUTS (TONS) (2)\n0.0 : 100.0 : 2000.0\nYieldFruit_B=RealFruitHA_B * 21.3","reality_module"
125706,"C879:  DRYLAND  FRUIT&VEG\n0.0 : 2.0 : 16.0\nDryFuitVegHA","areas_module"
125780,"YIELD: SUGARCANE TONS\n0.0 : 250.0 : 5000.0\nYieldCane_C=DryCaneHA * 66.65","reality_module"
125498,"WATER LOSSES(MM3)\n0.0 : 2.0 : 50.0\nWatLosses=IntBasTrans+EvapLossesDams","water_module"
125721,"C878: SOYBEANS DRYLAND\n0.0 : 1.0 : 10.0\nDrySoyHA","areas_module"
125720,"LAND RATIO (LR) FRUIT & VEG\n0.1 : 0.2 : 1.7\nLRFruitVeg_C","reality_module"
125723,"C884_A_A_A\n0.0 : 275000.0 : 5500000.0\nC884_A_A_A_B=DryWatUseCereals_B + DryWatUseSunSoy_B","use_water_module"
125722,"REAL  PLANTED: SOYBEANS (HA)\n0.0 : 1.0 : 10.0\nRealSoyHA_B","reality_module"
125725,"LAND RATIO (LR) SUGARCANE\n0.1 : 0.2 : 1.7\nLRCane_B","reality_module"
125724,"BIOETHANOL_PRODN_SUGARCANE\n0.0 : 102500.0 : 2050000.0\nBioEthProdCane_B=RealCaneHA_A * 1014 * PercBioEthCane_B","biofuels_module"
125727,"VADTobac: VAD TOBACCO\n0.0 : 30000000.0 : 600000000.0\nVADTobac=IrrTobac_A*1.836*8","vad_module"
125764,"C973\n0.0 : 500000.0 : 16000000.0\nC973=C969+C970","informal_module"
125729,"YieldSun_B: SUNFLOWER SEED YIELD (TONS)\n0.0 : 4.0 : 48.0\nYieldSun_C=RealSunHA_A * 1","reality_module"
125728,"SumDirectVAD: ADDITUP  DIRECT VAD (R)\n0.0 : 300000000.0 : 3000000000.0\nSumDirectVAD=DirVADIrrCrops+DirVADDryCrops","vad_module"
125510,"FruitTreeEarnings: EARNINGS FROM FRUIT TREES\n0.0 : 120000.0 : 3000000.0\nFruitTreeEarnings=WatUseFruit*20","informal_module"
125614,"AlienVeg: ALIEN VEGETATION KM2\n0.0 : 20.0 : 300.0\nAlienVeg","water_module"
125783,"DRYLAND WATER USE:  GRAIN AND WHEAT (KM3)\n0.0 : 250000.0 : 5000000.0\nDryWatUseCereals_A=DryWatUseGrain_A + DryWatUseWheat_A","use_water_module"
125571,"YIELD: FRUIT AND NUTS (TONS) (2)\n0.0 : 7500.0 : 150000.0\nYieldFruit_C=RealFruitHA_A * 21.3","reality_module"
125781,"DRYLAND WATER USE:  SOYBEANS (KM3)\n0.0 : 263.157894737 : 5000.0\nDryWatUseSoy_A=DrySoyHA*459","use_water_module"
125511,"GoatEarnings: EARNINGS FROM GOATS (R)\n0.0 : 60000.0 : 1500000.0\nGoatEarnings=WatUseGoats*25","informal_module"
125574,"VAD GRAIN (R/A)\n0.0 : 200000.0 : 4000000.0\nVADGrainRA_A=IrrGrain_B*1.836000","vad_module"
125575,"WaterUseRF_B: WATER USE INCL  RETURN FLOWS\n-80.0 : 10.0 : 80.0\nWaterUseRF_B=WaterUse_B-RetFlowPerc_B","use_water_module"
125576,"IRRIGATION: SUNFLOWER (M3/A)\n0.0 : 20000.0 : 200000.0\nIrrSun_A=RealSunHA_B* 2940","use_water_module"
125784,"YieldSun_B: SUNFLOWER SEED YIELD (TONS)\n0.0 : 4.0 : 48.0\nYieldSun_A=DrySunHA * 1","reality_module"
125578,"c933\n0.0 : 20.0 : 200.0\nc933=EvapLosses+WaterUseAlienVeg","water_module"
125661,"C896_A_A_A\n0.0 : 35000000.0 : 350000000.0\nC896_A_A_A=AddItUp_A+WatAbsIndMinForIncRF","use_water_module"
125789,"C884_A_A_A\n0.0 : 275000.0 : 5500000.0\nC884_A_A_A_D=DryWatUseCereals_A + DryWatUseSunSoy_A","use_water_module"
125663,"BIOETHANOL_PRODN_GRAIN (3)\n0.0 : 25000.0 : 500000.0\nBioEthProdGrain_A=RealGrainHA_A*2460*PercBioEthGrain_A","biofuels_module"
125664,"C884_A_A_A\n0.0 : 8000000.0 : 80000000.0\nC884_A_A_A=IrrCereals_A+C935_A_A_A","use_water_module"
125665,"YieldSoy_A:YIELD SOYBEANS (TONS)\n0.0 : 50.0 : 500.0\nYieldSoy_A=RealSoyHA_A*3.125","reality_module"
125477,"IRRIGATION: SUNFLOWER (M3/A)\n0.0 : 20000.0 : 200000.0\nIrrSun_B=SunHA * 2940","use_water_module"
125760,"WatUseVegGard: WATER USE VEG GARDENS\n0.0 : 6000.0 : 144000.0\nWatUseVegGard=VegGardens*5.21","informal_module"
125714,"C879:  DRYLAND TOBACCO\n0.0 : 15.0 : 120.0\nDryTobacHA","areas_module"
125470,"IRRIGATION: SUNFLOWER AND SOYBEANS\n0.0 : 100000.0 : 1000000.0\nIrrSunSoy_B=IrrSoy_A + IrrSun_B","use_water_module"
125514,"WatUseVegGard: WATER USE HAIR SALON\n0.0 : 200.0 : 4000.0\nWatUseHair=NoHairSalons * 835.75*7/840","informal_module"
125515,"TotVadWC: TOTAL VAD WESTERN CAPE (R)\n0.0 : 1000000000.0 : 10000000000.0\nTotVadWC=TVADForMin+TotalVAD","vad_module"
125761,"VegGardens: VEG GARDENS\n0.0 : 500.0 : 12000.0\nVegGardens=RurHouse*0.295","informal_module"
125467,"IRRIGATION: SOYBEANS (M3/A)\n0.0 : 50000.0 : 500000.0\nIrrSoy_A=IrrSoyHA * 4590","reality_module"
125786,"DRYLAND WATER USE:  SUNFLOWER (KM3) (2)\n0.0 : 882.352941176 : 15000.0\nDryWatUseSun_A=1*DrySunHA*294","use_water_module"
125638,"INTERBASIN  TRANSFER OUT(MM3)\n0.0 : 1.0 : 15.0\nIntBasTrans","water_module"
125718,"C880: DRYLAND  SUNFLOWER\n0.0 : 4.0 : 48.0\nDrySunHA","areas_module"
125719,"TotalVAD:  TOTAL VAD (R)\n0.0 : 800000000.0 : 8000000000.0\nTotalVAD=TotVADIrr+TotVADDry","vad_module"
125502,"IntBasTransNels: INTERBASIN TRANSFER FROM OUTSIDE NELSPRUIT MD:  KWENA & WITTEKLIP DAMS\n0.0 : 10.0 : 170.0\nIntBasTransNels","water_module"
125660,"DRYLAND WATER USE:  SUGARCANE, FRUITS AND NUTS (KM3)\n0.0 : 5000.0 : 100000.0\nDryWatUseFruitCane_B=DryWatUseCane_B + DryWatUseFruit_B","use_water_module"
125628,"STORED WATER IN DAMS (KM3)\n0.0 : 13.3333333333 : 200.0\nDamsStor=PlnDamStor-WatLosses","water_module"
125715,"DRYLAND WATER USE:  SUNFLOWER (KM3) (2)\n0.0 : 882.352941176 : 15000.0\nDryWatUseSun_B=RealSunHA_A * 294","use_water_module"
125716,"YieldFruitVeg_A: FRUIT AND VEG (MORE) (TONS)\n0.0 : 30.0 : 300.0\nYieldFruitVeg_C=RealFruitVegHA_A * 13.93","reality_module"
125717,"PERC_SOYFORBIODIESEL\n0.0 : 0.1 : 1.0\nPercBioDslSoy_B","biofuels_module"
125710,"LAND RATIO TOBACCO\n0.1 : 0.2 : 1.7\nLRTobac_B","reality_module"
125711,"BIOETHANOL_PRODN_WHEAT (3) (1)\n0.0 : 5000.0 : 100000.0\nBioEthProdWheat_B=RealWheatHA_B*2016*PercBioEthWheat_B","biofuels_module"
125712,"TVAD WHEAT (1) (R/A)\n0.0 : 11000.0 : 253000.0\nTVADWheatRA_B=DryWatUseWheat_B * 5.400000","vad_module"
125713,"PERC_SUNFLOWERFORBIODIESEL\n0.0 : 0.1 : 1.0\nPercBioDslSun_B","biofuels_module"
