"C893","AddItUp_A","C893: ADDITUP","0.0 : 2000000.0 : 24000000.0","C893=C892+C894",
"C_C893","AddItUp_B","C893: ADDITUP","0.0 : 2000000.0 : 24000000.0","C_C893=C_C892 + C894",0
"C901","AddItUp_C","C901: ADDITUP","-160.0 : 20.0 : 160.0","C901=C899+C900",0
"C931","AlienVeg","C931: ALIEN VEGETATION KM2","0.0 : 20.0 : 300.0","C931",0
"C_C_C_C_C_C_C_C_C_C_C_C_C41_3_2","BioDslProdSoy_A","BIODIESEL PRODN-SOYBEANS","0.0 : 500.0 : 10000.0","C_C_C_C_C_C_C_C_C_C_C_C_C41_3_2=C_C_C_C_C_C_C_C_C_C_C_C_C32_1_3 * C_C_C_C_C_C_C_C_C_C_C_C_C4_2_1_1 * 86",0
"C_C_C_C_C_C_C_C_C_C_C_C41_3_2","BioDslProdSoy_B","BIODIESEL PRODN-SOYBEANS","0.0 : 500.0 : 10000.0","C_C_C_C_C_C_C_C_C_C_C_C41_3_2=C_C_C_C_C_C_C_C_C_C_C_C32_1_3*C_C_C_C_C_C_C_C_C_C_C_C4_2_1_1* 86",0
"C_C_C_C_C_C_C_C_C_C_C_C_C41_2","BioDslProdSun_A","BIODIESEL PRODN-SUNFLOWER","0.0 : 2000.0 : 26000.0","C_C_C_C_C_C_C_C_C_C_C_C_C41_2=C_C_C_C_C_C_C_C_C_C_C_C_C32_1_2 * C_C_C_C_C_C_C_C_C_C_C_C_C_C_C4_2_2 * 536",0
"C_C_C_C_C_C_C_C_C_C_C_C41_2","BioDslProdSun_B","BIODIESEL PRODN-SUNFLOWER","0.0 : 2000.0 : 26000.0","C_C_C_C_C_C_C_C_C_C_C_C41_2=C_C_C_C_C_C_C_C_C_C_C_C32_1_2*C_C_C_C_C_C_C_C_C_C_C_C_C4_2_2* 536",0
"C_C_C_C_C_C_C_C_C_C_C_C8_3_1_1_1_2","BioEthProdCane_A","BIOETHANOL_PRODN_SUGARCANE","0.0 : 102500.0 : 2050000.0","C_C_C_C_C_C_C_C_C_C_C_C8_3_1_1_1_2=C_C_C_C_C_C_C_C_C_C_C_C8_3*1014*C_C_C_C_C_C_C_C_C_C_C_C32_1_1_2",0
"C_C_C_C_C_C_C_C_C_C_C_C_C8_3_1_1_1_2","BioEthProdCane_B","BIOETHANOL_PRODN_SUGARCANE","0.0 : 102500.0 : 2050000.0","C_C_C_C_C_C_C_C_C_C_C_C_C8_3_1_1_1_2=C_C_C_C_C_C_C_C_C_C_C_C_C8_3 * 1014 * C_C_C_C_C_C_C_C_C_C_C_C_C32_1_1_2",0
"C_C_C_C_C_C_C_C_C_C_C_C8_3_1_1_1_3","BioEthProdGrain_A","BIOETHANOL_PRODN_GRAIN (3)","0.0 : 25000.0 : 500000.0","C_C_C_C_C_C_C_C_C_C_C_C8_3_1_1_1_3=C_C_C_C_C_C_C_C_C_C_C_C8*2460*C_C_C_C_C_C_C_C_C_C_C_C32_1_1",0
"C_C_C_C_C_C_C_C_C_C_C_C_C8_3_1_1_1_3","BioEthProdGrain_B","BIOETHANOL_PRODN_GRAIN (3)","0.0 : 100000.0 : 2000000.0","C_C_C_C_C_C_C_C_C_C_C_C_C8_3_1_1_1_3=C_C_C_C_C_C_C_C_C_C_C_C_C8 * 2460 * C_C_C_C_C_C_C_C_C_C_C_C_C32_1_1",0
"C_C_C_C_C_C_C_C_C_C_C_C_C8_3_1_1_1_3_1","BioEthProdWheat_A","BIOETHANOL_PRODN_WHEAT (3) (1)","0.0 : 5000.0 : 100000.0","C_C_C_C_C_C_C_C_C_C_C_C_C8_3_1_1_1_3_1=C_C_C_C_C_C_C_C_C_C_C_C_C_C8_4 * 2016 * C_C_C_C_C_C_C_C_C_C_C_C_C32_1_1_1",0
"C_C_C_C_C_C_C_C_C_C_C_C8_3_1_1_1_3_1","BioEthProdWheat_B","BIOETHANOL_PRODN_WHEAT (3) (1)","0.0 : 5000.0 : 100000.0","C_C_C_C_C_C_C_C_C_C_C_C8_3_1_1_1_3_1=C_C_C_C_C_C_C_C_C_C_C_C_C8_4*2016*C_C_C_C_C_C_C_C_C_C_C_C32_1_1_1",0
"C_C883","BioEthProdWheatAndGrain_A","C883:WHEAT&GRAIN BIOETHANOLPRODUCTION","600000.0 : 153846.153846 : 2600000.0","C_C883=C_C_C_C_C_C_C_C_C_C_C_C_C8_3_1_1_1_3 + C_C_C_C_C_C_C_C_C_C_C_C_C8_3_1_1_1_3_1",0
"C883","BioEthProdWheatAndGrain_B","C883:WHEAT&GRAIN BIOETHANOLPRODUCTION","0.0 : 200000.0 : 2000000.0","C883=C_C_C_C_C_C_C_C_C_C_C_C8_3_1_1_1_3+C_C_C_C_C_C_C_C_C_C_C_C8_3_1_1_1_3_1",0
"C965","BrewerEarnings","C965: EARNINGS FROM BREWERS (R)","0.0 : 260000.0 : 6500000.0","C965=C_C_C959*1050",0
"C_C_C_C958","Building","C958: BUILDING","0.0 : 500.0 : 12500.0","C_C_C_C958=C957 * 0.485",0
"C_C969","C_C969","C969","0.0 : 10000.0 : 220000.0","C_C969=C_C_C_C_C_C_C_C959+C_C_C_C_C_C_C959",0
"C_C970","C_C970","C970","0.0 : 2200.0 : 55000.0","C_C970=C_C_C_C_C_C959+C_C_C_C_C959",0
"C_C971","C_C971","C971","0.0 : 1500.0 : 30000.0","C_C971=C_C_C_C959+C_C_C959",0
"C_C972","C_C972","C972","0.0 : 10000.0 : 250000.0","C_C972=C959 + C_C959",0
"C_C973","C_C973","C973","0.0 : 12000.0 : 300000.0","C_C973=C_C969 + C_C970",0
"C_C974","C_C974","C974","0.0 : 12000.0 : 300000.0","C_C974=C_C971 + C_C972",0
"C_C975","C_C975","C975","0.0 : 12000.0 : 300000.0","C_C975=C_C974",0
"C884","C884_A","C884","0.0 : 8000000.0 : 80000000.0","C884=C_C_C_C_C_C_C_C_C_C_C_C15+C935",0
"C_C884","C884_B","C884","0.0 : 275000.0 : 5500000.0","C_C884=C_C_C_C_C_C_C_C_C_C_C_C_C15 + C_C_C_C_C_C_C_C_C_C_C_C_C7",0
"C_C_C884","C884_C","C884","0.0 : 8000000.0 : 80000000.0","C_C_C884=C_C_C_C_C_C_C_C_C_C_C_C_C_C15 + C_C935",0
"C_C_C_C884","C884_D","C884","0.0 : 275000.0 : 5500000.0","C_C_C_C884=C_C_C_C_C_C_C_C_C_C_C_C_C_C_C15 + C_C_C_C_C_C_C_C_C_C_C_C_C_C_C7",0
"C896","C896_A","C896","0.0 : 35000000.0 : 350000000.0","C896=C893+C_C896",0
"C_C_C896","C896_B","C896","0.0 : 35000000.0 : 350000000.0","C_C_C896=C_C893 + C_C896",0
"C933","c933","C933","0.0 : 20.0 : 200.0","C933=C_C_C_C_C31_1_1+C932",0
"C935","C935_A","C935","0.0 : 5000000.0 : 50000000.0","C935=C_C_C_C_C_C_C_C_C_C_C_C7+C934",0
"C_C935","C935_B","C935","0.0 : 5000000.0 : 50000000.0","C_C935=C_C_C_C_C_C_C_C_C_C_C_C_C_C7 + C_C934",0
"C945","C945","C945","0.0 : 60000000.0 : 600000000.0","C945=C941",0
"C947","C947","C947","0.0 : 60500000.0 : 605000000.0","C947=C_C_C_C_C_C_C_C_C_C_C_C27+C945",0
"C949","C948","C949","0.0 : 1000000.0 : 20000000.0","C949=C_C_C_C_C_C_C_C_C_C_C_C_C27+C948",0
"C950","C949","C950","0.0 : 2000000.0 : 50000000.0","C950=C_C_C_C_C_C_C_C_C_C_C_C_C27_1+C951",0
"C954","C954_A","C954","0.0 : 35000000.0 : 350000000.0","C954=C_C_C_C_C_C_C_C_C_C_C_C_C_C16+C_C_C_C_C_C_C_C_C_C_C_C26",0
"C_C954","C954_B","C954","0.0 : 35000000.0 : 350000000.0","C_C954=C_C_C_C_C_C_C_C_C_C_C_C_C_C_C16 + C_C_C_C_C_C_C_C_C_C_C_C_C_C26",0
"C969","C969","C969","0.0 : 400000.0 : 10000000.0","C969=C960+C961",0
"C970","C970","C970","0.0 : 240000.0 : 6000000.0","C970=C962+C963",0
"C971","C971","C971","0.0 : 600000.0 : 15000000.0","C971=C964+C965",0
"C972","C972","C972","0.0 : 200000.0 : 5000000.0","C972=C966+C967",0
"C973","C973","C973","0.0 : 500000.0 : 16000000.0","C973=C969+C970",0
"C974","C974","C974","0.0 : 800000.0 : 20000000.0","C974=C971+C972",0
"C975","C975","C975","0.0 : 1000000.0 : 20000000.0","C975=C974",0
"C_C_C_C_C_C_C_C_C_C_C_C6","CaneHA","AREA: SUGARCANE (HA)","0.0 : 166.666666667 : 2000.0","C_C_C_C_C_C_C_C_C_C_C_C6",0
"C_C_C_C_C_C_C958","Cattle","C958: CATTLE","0.0 : 350.0 : 7000.0","C_C_C_C_C_C_C958=C957 * 0.22",0
"C961","CattleEarnings","C961: EARNINGS FROM  CATTLE (R)","0.0 : 250000.0 : 5000000.0","C961=C_C_C_C_C_C_C959*22",0
"C_C_C_C_C_C31_2","DamsLastYear","DAMS: WATER STORED  LAST YEAR (KM3)","0.0 : 3.75 : 30.0","C_C_C_C_C_C31_2",0
"C_C_C_C_C_C38","DamsStor","STORED WATER IN DAMS (KM3)","0.0 : 13.3333333333 : 200.0","C_C_C_C_C_C38=C_C_C_C_C36-C_C_C_C_C37",0
"C_C_C_C_C_C_C_C_C_C_C_C_C30","DirVADDryCrops","DIRECT VAD:   DRYLAND CROPS (R/A)","0.0 : 1100000.0 : 22000000.0","C_C_C_C_C_C_C_C_C_C_C_C_C30=C_C_C_C_C_C_C_C_C_C_C_C_C29+C949",0
"C_C_C_C_C_C_C_C_C_C_C_C30","DirVADIrrCrops","DIRECT VAD:  IRRIGATED CROPS (R/A)","0.0 : 100000000.0 : 1000000000.0","C_C_C_C_C_C_C_C_C_C_C_C30=C_C_C_C_C_C_C_C_C_C_C_C29+1*C947",0
"C952","DirVADWC","C952: DIRECT VAD WESTERN CAPE(R)","0.0 : 320000000.0 : 3200000000.0","C952=C944+C938",0
"C_C_C_C_C_C_C_C_C_C_C_C_C6","DryCaneHA","AREA: DRYLAND SUGARCANE (HA)","0.0 : 4.0 : 48.0","C_C_C_C_C_C_C_C_C_C_C_C_C6",0
"C_C_C_C_C_C_C_C_C_C_C_C_C5","DryFruitMOGDBHA","AREA: DRYLAND FRUIT: MOGBD","0.0 : 333.333333333 : 3000.0","C_C_C_C_C_C_C_C_C_C_C_C_C5",0
"C_C_C_C_C879","DryFuitVegHA","C879:  DRYLAND  FRUIT&VEG","0.0 : 2.0 : 16.0","C_C_C_C_C879",0
"C_C_C_C_C_C_C_C_C_C_C_C_C4","DryGrainHA","AREA: DRYLAND GRAIN (HA)","0.0 : 80.0 : 800.0","C_C_C_C_C_C_C_C_C_C_C_C_C4",0
"C_C_C_C_C878","DrySoyHA","C878: SOYBEANS DRYLAND","0.0 : 1.0 : 10.0","C_C_C_C_C878",0
"C_C_C_C_C880","DrySunHA","C880: DRYLAND  SUNFLOWER","0.0 : 4.0 : 48.0","C_C_C_C_C880",0
"C_C_C_C_C_C_C879","DryTobacHA","C879:  DRYLAND TOBACCO","0.0 : 15.0 : 120.0","C_C_C_C_C_C_C879",0
"C_C_C_C_C_C_C_C_C_C_C_C_C_C_C21","DryWatUseCane_A","DRYLAND WATER USE:  SUGARCANE (KM3)","0.0 : 3529.41176471 : 60000.0","C_C_C_C_C_C_C_C_C_C_C_C_C_C_C21=C_C_C_C_C_C_C_C_C_C_C_C_C6 * 1100",0
"C_C_C_C_C_C_C_C_C_C_C_C_C21","DryWatUseCane_B","DRYLAND WATER USE:  SUGARCANE (KM3)","0.0 : 3529.41176471 : 60000.0","C_C_C_C_C_C_C_C_C_C_C_C_C21=C_C_C_C_C_C_C_C_C_C_C_C_C8_3 * 1100",0
"C_C_C_C_C_C_C_C_C_C_C_C_C_C_C15","DryWatUseCereals_A","DRYLAND WATER USE:  GRAIN AND WHEAT (KM3)","0.0 : 250000.0 : 5000000.0","C_C_C_C_C_C_C_C_C_C_C_C_C_C_C15=C_C_C_C_C_C_C_C_C_C_C_C_C_C_C19 + C_C_C_C_C_C_C_C_C_C_C_C_C_C_C20",0
"C_C_C_C_C_C_C_C_C_C_C_C_C15","DryWatUseCereals_B","DRYLAND WATER USE:  GRAIN AND WHEAT (KM3)","0.0 : 250000.0 : 5000000.0","C_C_C_C_C_C_C_C_C_C_C_C_C15=C_C_C_C_C_C_C_C_C_C_C_C_C19 + C_C_C_C_C_C_C_C_C_C_C_C_C20",0
"C_C_C_C_C_C_C_C_C_C_C_C_C_C_C22","DryWatUseFruit_A","DRYLAND WATER USE: FRUITS AND NUTS (KM3)","0.0 : 1764.70588235 : 30000.0","C_C_C_C_C_C_C_C_C_C_C_C_C_C_C22=800 * C_C_C_C_C_C_C_C_C_C_C_C_C5 + 800 * C_C_C_C_C879",0
"C_C_C_C_C_C_C_C_C_C_C_C_C22","DryWatUseFruit_B","DRYLAND WATER USE: FRUITS AND NUTS (KM3)","0.0 : 1764.70588235 : 30000.0","C_C_C_C_C_C_C_C_C_C_C_C_C22=800 * C_C_C_C_C_C_C_C_C_C_C_C_C_C_C8_4 + 800 * C_C_C_C_C_C_C_C_C_C_C_C_C_C4_2_2",0
"C_C_C_C_C_C_C_C_C_C_C_C_C_C_C23","DryWatUseFruitCane_A","DRYLAND WATER USE:  SUGARCANE, FRUITS AND NUTS (KM3)","0.0 : 5000.0 : 100000.0","C_C_C_C_C_C_C_C_C_C_C_C_C_C_C23=C_C_C_C_C_C_C_C_C_C_C_C_C_C_C21 + C_C_C_C_C_C_C_C_C_C_C_C_C_C_C22",0
"C_C_C_C_C_C_C_C_C_C_C_C_C23","DryWatUseFruitCane_B","DRYLAND WATER USE:  SUGARCANE, FRUITS AND NUTS (KM3)","0.0 : 5000.0 : 100000.0","C_C_C_C_C_C_C_C_C_C_C_C_C23=C_C_C_C_C_C_C_C_C_C_C_C_C21 + C_C_C_C_C_C_C_C_C_C_C_C_C22",0
"C_C_C_C_C_C_C_C_C_C_C_C_C_C_C19","DryWatUseGrain_A","DRYLAND WATER USE  GRAIN (KM3)","0.0 : 400000.0 : 4000000.0","C_C_C_C_C_C_C_C_C_C_C_C_C_C_C19=C_C_C_C_C_C_C_C_C_C_C_C_C4 * 4936.5",0
"C_C_C_C_C_C_C_C_C_C_C_C_C19","DryWatUseGrain_B","DRYLAND WATER USE  GRAIN (KM3)","0.0 : 400000.0 : 4000000.0","C_C_C_C_C_C_C_C_C_C_C_C_C19=C_C_C_C_C_C_C_C_C_C_C_C_C8 * 4936.5",0
"C_C_C_C_C_C_C_C_C_C_C_C_C_C_C22_2_1","DryWatUseSoy_A","DRYLAND WATER USE:  SOYBEANS (KM3)","0.0 : 263.157894737 : 5000.0","C_C_C_C_C_C_C_C_C_C_C_C_C_C_C22_2_1=C_C_C_C_C878*459",0
"C_C_C_C_C_C_C_C_C_C_C_C_C22_2_1","DryWatUseSoy_B","DRYLAND WATER USE:  SOYBEANS (KM3)","0.0 : 263.157894737 : 5000.0","C_C_C_C_C_C_C_C_C_C_C_C_C22_2_1=C_C_C_C_C_C_C_C_C_C_C_C_C4_2_1_1 * 459",0
"C_C_C_C_C_C_C_C_C_C_C_C_C_C_C22_2","DryWatUseSun_A","DRYLAND WATER USE:  SUNFLOWER (KM3) (2)","0.0 : 882.352941176 : 15000.0","C_C_C_C_C_C_C_C_C_C_C_C_C_C_C22_2=1*C_C_C_C_C880*294",0
"C_C_C_C_C_C_C_C_C_C_C_C_C22_2","DryWatUseSun_B","DRYLAND WATER USE:  SUNFLOWER (KM3) (2)","0.0 : 882.352941176 : 15000.0","C_C_C_C_C_C_C_C_C_C_C_C_C22_2=C_C_C_C_C_C_C_C_C_C_C_C_C_C_C4_2_2 * 294",0
"C_C_C_C_C_C_C_C_C_C_C_C_C_C_C7","DryWatUseSunSoy_A","DRYLAND WATER USE:  SUNFLOWER AND SOYBEANS","0.0 : 2368.42105263 : 45000.0","C_C_C_C_C_C_C_C_C_C_C_C_C_C_C7=C_C_C_C_C_C_C_C_C_C_C_C_C_C_C22_2_1 + C_C_C_C_C_C_C_C_C_C_C_C_C_C_C22_2",0
"C_C_C_C_C_C_C_C_C_C_C_C_C7","DryWatUseSunSoy_B","DRYLAND WATER USE:  SUNFLOWER AND SOYBEANS","0.0 : 2368.42105263 : 45000.0","C_C_C_C_C_C_C_C_C_C_C_C_C7=C_C_C_C_C_C_C_C_C_C_C_C_C22_2_1 + C_C_C_C_C_C_C_C_C_C_C_C_C22_2",0
"C_C_C_C_C_C_C_C_C_C_C_C_C_C_C20","DryWatUseWheat_A","DRYLAND WATER USE WHEAT (KM3)","0.0 : 2352.94117647 : 40000.0","C_C_C_C_C_C_C_C_C_C_C_C_C_C_C20=C_C_C_C_C_C_C_C_C_C_C_C_C10 * 730.47",0
"C_C_C_C_C_C_C_C_C_C_C_C_C20","DryWatUseWheat_B","DRYLAND WATER USE WHEAT (KM3)","0.0 : 2352.94117647 : 40000.0","C_C_C_C_C_C_C_C_C_C_C_C_C20=C_C_C_C_C_C_C_C_C_C_C_C_C_C8_4 * 730.47",0
"C_C_C_C_C_C_C_C_C_C_C_C_C10","DryWheatHA","AREA: DRYLAND WHEAT (HA)","0.0 : 4.0 : 48.0","C_C_C_C_C_C_C_C_C_C_C_C_C10",0
"C889","EucHA","C889: EUCALYPTUS AREA","0.0 : 3750.0 : 30000.0","C889",0
"C_C_C_C_C_C31_1_1_1","EvapLossesDams","EVAPORATION LOSSES DAMS MM3/A (1)","0.0 : 2.27272727273 : 50.0","C_C_C_C_C_C31_1_1_1=C_C_C_C_C36* 0.8 * (0.7 * C_C_C_C_C11_1/1700)",0
"C_C_C_C_C_C31_1_1","EvapLosses","EVAPORATION LOSSES KM3/A","0.0 : 1.85185185185 : 50.0","C_C_C_C_C_C31_1_1= C_C_C_C_C24_1_1* 0.7*C_C_C_C_C11/1700",0
"C_C_C_C_C_C11_1","EvapRateDam","EVAPORATION RATE  DAMS (MM/A)","0.0 : 12.0 : 240.0","C_C_C_C_C_C11_1",0
"C_C_C_C_C_C11","EvapRatMAR","EVAPORATION RATE MAR (MM/A)","0.0 : 12.0 : 240.0","C_C_C_C_C_C11",0
"C_C_C_C_C_C24","ExpectedMAR","EXPECTED NET MAR THIS YR KM3","-120.0 : 9.6 : 120.0","C_C_C_C_C_C24=C_C_C_C_C24_1_1-C933",0
"C977","ExtraEarnSubsPerHouse","C977: AGGREGATED SUBSISTENCE EARNINGS  PER HOUSEHOLD (R)","0.0 : 200.0 : 5000.0","C977=C976/C957",0
"C_C977","ExtraWatSubsPerHouse","C977: AGGREGATED EXTRA WATER USE FOR SUBSISTENCE  PER HOUSEHOLD (R)","0.0 : 2.0 : 50.0","C_C977=C_C976 / C957",0
"C_C_C_C_C_C_C_C_C_C_C_C5","FruitHA","AREA: FRUIT:MOGBD","0.0 : 333.333333333 : 3000.0","C_C_C_C_C_C_C_C_C_C_C_C5",0
"C967","FruitTreeEarnings","C967: EARNINGS FROM FRUIT TREES","0.0 : 120000.0 : 3000000.0","C967=C_C959*20",0
"C_C958","FuitTrees","C958: FRUIT TREES","0.0 : 1000.0 : 20000.0","C_C958=C957 *0.57",0
"C962","GoatEarnings","C962: EARNINGS FROM GOATS (R)","0.0 : 60000.0 : 1500000.0","C962=C_C_C_C_C_C959*25",0
"C_C_C_C_C_C958","GoatesHH","C958: GOATS HH","0.0 : 500.0 : 12000.0","C_C_C_C_C_C958=C957 * 0.255",0
"C_C_C_C_C_C_C_C_C_C_C_C4","GrainHA","AREA: GRAIN (HA)","0.0 : 20.0 : 200.0","C_C_C_C_C_C_C_C_C_C_C_C4",0
"C960","HairSalonEarnings","C960: HAIR SALON  EARNINGS (R)","0.0 : 175000.0 : 3500000.0","C960=C_C_C_C_C_C_C_C959*840",0
"C963","IceBlockEarnings","C963: EARNINGS FROM ICE BLOCKS","0.0 : 200000.0 : 4000000.0","C963=C_C_C_C_C959*1700",0
"C_C_C_C_C958","IceBlockHH","C958: ICE BLOCK HHS","0.0 : 325.0 : 6500.0","C_C_C_C_C958=C957 * 0.095",0
"C_C_C_C_C_C25","IntBasTrans","INTERBASIN  TRANSFER OUT(MM3)","0.0 : 1.0 : 15.0","C_C_C_C_C_C25",0
"C955","IntBasTransNels","C955: INTERBASIN TRANSFER FROM OUTSIDE NELSPRUIT MD:  KWENA & WITTEKLIP DAMS","0.0 : 10.0 : 170.0","C955",0
"C_C_C_C_C_C_C_C_C_C_C_C21","IrrCane_A","IRRIGATION: SUGARCANE (M3/A)","0.0 : 5000000.0 : 50000000.0","C_C_C_C_C_C_C_C_C_C_C_C21=C_C_C_C_C_C_C_C_C_C_C_C8_3 * 13527",0
"C_C_C_C_C_C_C_C_C_C_C_C_C_C21","IrrCane_B","IRRIGATION: SUGARCANE (M3/A)","0.0 : 5000000.0 : 50000000.0","C_C_C_C_C_C_C_C_C_C_C_C_C_C21=C_C_C_C_C_C_C_C_C_C_C_C6 * 13527",0
"C_C_C_C_C_C_C_C_C_C_C_C_C_C23","IrrCaneFruit_A","IRRIGATION: SUGARCANE, FRUITS AND NUTS(M3/A)","0.0 : 10000000.0 : 150000000.0","C_C_C_C_C_C_C_C_C_C_C_C_C_C23=C_C_C_C_C_C_C_C_C_C_C_C_C_C21 + C_C_C_C_C_C_C_C_C_C_C_C_C_C22",0
"C_C_C_C_C_C_C_C_C_C_C_C23","IrrCaneFruit_B","IRRIGATION: SUGARCANE, FRUITS AND NUTS(M3/A)","0.0 : 10000000.0 : 150000000.0","C_C_C_C_C_C_C_C_C_C_C_C23=C_C_C_C_C_C_C_C_C_C_C_C21+C_C_C_C_C_C_C_C_C_C_C_C22",0
"C_C_C_C_C_C_C_C_C_C_C_C15","IrrCereals_A","IRRIGATION: GRAIN AND WHEAT (M3/A)","0.0 : 1000000.0 : 12000000.0","C_C_C_C_C_C_C_C_C_C_C_C15=C_C_C_C_C_C_C_C_C_C_C_C19+C_C_C_C_C_C_C_C_C_C_C_C20",0
"C_C_C_C_C_C_C_C_C_C_C_C_C_C15","IrrCereals_B","IRRIGATION: GRAIN AND WHEAT (M3/A)","0.0 : 1000000.0 : 12000000.0","C_C_C_C_C_C_C_C_C_C_C_C_C_C15=C_C_C_C_C_C_C_C_C_C_C_C_C_C19 + C_C_C_C_C_C_C_C_C_C_C_C_C_C20",0
"C_C_C_C_C_C_C_C_C_C_C_C22","IrrFruitVeg_A","IRRIGATION: FRUIT, VEG, NUTS (M3/A)","0.0 : 10000000.0 : 100000000.0","C_C_C_C_C_C_C_C_C_C_C_C22=8089*C_C_C_C_C_C_C_C_C_C_C_C8_4+8089*C_C_C_C_C_C_C_C_C_C_C_C4_2_2",0
"C_C_C_C_C_C_C_C_C_C_C_C_C_C22","IrrFruitVeg_B","IRRIGATION: FRUIT, VEG, NUTS (M3/A)","0.0 : 10000000.0 : 100000000.0","C_C_C_C_C_C_C_C_C_C_C_C_C_C22=8089 * C_C_C_C_C_C_C_C_C_C_C_C5 + 8089 * C_C_C_C879",0
"C_C_C_C_C_C_C_C_C_C_C_C_C_C19","IrrGrain_A","IRRIGATION GRAIN(M3/A)","0.0 : 180000.0 : 1800000.0","C_C_C_C_C_C_C_C_C_C_C_C_C_C19=C_C_C_C_C_C_C_C_C_C_C_C4*7520",0
"C_C_C_C_C_C_C_C_C_C_C_C19","IrrGrain_B","IRRIGATION GRAIN(M3/A)","0.0 : 180000.0 : 1800000.0","C_C_C_C_C_C_C_C_C_C_C_C19=C_C_C_C_C_C_C_C_C_C_C_C8 * 7520",0
"C_C_C_C_C_C_C_C_C_C_C_C_C_C22_2_1","IrrSoy_A","IRRIGATION: SOYBEANS (M3/A)","0.0 : 50000.0 : 500000.0","C_C_C_C_C_C_C_C_C_C_C_C_C_C22_2_1=C_C_C_C878 * 4590",0
"C_C_C_C_C_C_C_C_C_C_C_C22_2_1","IrrSoy_B","IRRIGATION: SOYBEANS (M3/A)","0.0 : 50000.0 : 500000.0","C_C_C_C_C_C_C_C_C_C_C_C22_2_1=C_C_C_C_C_C_C_C_C_C_C_C4_2_1_1*4590",0
"C_C_C_C878","IrrSoyHA","C878: SOYBEANS IRRIGATED","0.0 : 10.0 : 100.0","C_C_C_C878",0
"C_C_C_C_C_C_C_C_C_C_C_C22_2","IrrSun_A","IRRIGATION: SUNFLOWER (M3/A)","0.0 : 20000.0 : 200000.0","C_C_C_C_C_C_C_C_C_C_C_C22_2=C_C_C_C_C_C_C_C_C_C_C_C_C4_2_2* 2940",0
"C_C_C_C_C_C_C_C_C_C_C_C_C_C22_2","IrrSun_B","IRRIGATION: SUNFLOWER (M3/A)","0.0 : 20000.0 : 200000.0","C_C_C_C_C_C_C_C_C_C_C_C_C_C22_2=C_C_C_C880 * 2940",0
"C_C_C_C_C_C_C_C_C_C_C_C7","IrrSunSoy_A","IRRIGATION: SUNFLOWER AND SOYBEANS","0.0 : 100000.0 : 1000000.0","C_C_C_C_C_C_C_C_C_C_C_C7=C_C_C_C_C_C_C_C_C_C_C_C22_2_1+C_C_C_C_C_C_C_C_C_C_C_C22_2",0
"C_C_C_C_C_C_C_C_C_C_C_C_C_C7","IrrSunSoy_B","IRRIGATION: SUNFLOWER AND SOYBEANS","0.0 : 100000.0 : 1000000.0","C_C_C_C_C_C_C_C_C_C_C_C_C_C7=C_C_C_C_C_C_C_C_C_C_C_C_C_C22_2_1 + C_C_C_C_C_C_C_C_C_C_C_C_C_C22_2",0
"C934","IrrTobac_A","C934: IRRIGATION TOBACCO (M3/A)","0.0 : 4000000.0 : 40000000.0","C934=C_C_C_C_C_C_C_C_C_C_C_C_C_C_C_C4_2_2*4729",0
"C_C934","IrrTobac_B","C934: IRRIGATION TOBACCO (M3/A)","0.0 : 4000000.0 : 40000000.0","C_C934=C_C_C_C_C_C879 * 4729",0
"C_C_C_C_C_C_C_C_C_C_C_C20","IrrWheat_A","IRRIGATION WHEAT (M3/A)","0.0 : 40000.0 : 400000.0","C_C_C_C_C_C_C_C_C_C_C_C20=C_C_C_C_C_C_C_C_C_C_C_C_C8_4* 7300",0
"C_C_C_C_C_C_C_C_C_C_C_C_C_C20","IrrWheat_B","IRRIGATION WHEAT (M3/A)","0.0 : 40000.0 : 400000.0","C_C_C_C_C_C_C_C_C_C_C_C_C_C20=C_C_C_C_C_C_C_C_C_C_C_C10 * 7300",0
"C_C_C_C_C_C_C_C_C_C_C_C_C1_3","LRCane_A","LAND RATIO (LR) SUGARCANE","0.1 : 0.2 : 1.7","C_C_C_C_C_C_C_C_C_C_C_C_C1_3",0
"C_C_C_C_C_C_C_C_C_C_C_C1_3","LRCane_B","LAND RATIO (LR) SUGARCANE","0.1 : 0.2 : 1.7","C_C_C_C_C_C_C_C_C_C_C_C1_3",0
"C_C_C_C_C_C_C_C_C_C_C_C1_4","LRFruitVeg_A","LAND RATIO (LR) FRUIT & VEG","0.1 : 0.2 : 1.7","C_C_C_C_C_C_C_C_C_C_C_C1_4",0
"C_C_C_C_C_C_C_C_C_C_C_C_C_C1_4_1","LRFruitVeg_D","LAND RATIO F&V","0.1 : 0.2 : 1.7","C_C_C_C_C_C_C_C_C_C_C_C_C_C1_4_1",0
"C_C_C_C_C_C_C_C_C_C_C_C_C_C_C1_4","LRFruitVeg_C","LAND RATIO (LR) FRUIT & VEG","0.1 : 0.2 : 1.7","C_C_C_C_C_C_C_C_C_C_C_C_C_C_C1_4",0
"C_C_C_C_C_C_C_C_C_C_C_C1_4_1","LRFruitVeg_B","LAND RATIO F&V","0.1 : 0.2 : 1.7","C_C_C_C_C_C_C_C_C_C_C_C1_4_1",0
"C_C_C_C_C_C_C_C_C_C_C_C_C1_4","LRGrain_A","LAND RATIO (LR) GRAIN","0.1 : 0.2 : 1.7","C_C_C_C_C_C_C_C_C_C_C_C_C1_4",0
"C_C_C_C_C_C_C_C_C_C_C_C_C_C1_4","LRGrain_B","LAND RATIO (LR) GRAIN","0.1 : 0.2 : 1.7","C_C_C_C_C_C_C_C_C_C_C_C_C_C1_4",0
"C_C_C_C_C_C_C_C_C_C_C_C_C1_4_1_1","LRSoy_A","LAND RATIO (LR) SOY","0.1 : 0.2 : 1.7","C_C_C_C_C_C_C_C_C_C_C_C_C1_4_1_1",0
"C_C_C_C_C_C_C_C_C_C_C_C1_4_1_1","LRSoy_B","LAND RATIO (LR) SOY","0.1 : 0.2 : 1.7","C_C_C_C_C_C_C_C_C_C_C_C1_4_1_1",0
"C_C_C_C_C_C_C_C_C_C_C_C_C_C_C1_4_1","LRSun_C","LAND RATIO (LR) SUNFLOWER","0.1 : 0.2 : 1.7","C_C_C_C_C_C_C_C_C_C_C_C_C_C_C1_4_1",0
"C_C_C_C_C_C_C_C_C_C_C_C_C1_2","LRSun_A","LAND RATIO (LR) WHEAT","0.1 : 0.2 : 1.7","C_C_C_C_C_C_C_C_C_C_C_C_C1_2",0
"C_C_C_C_C_C_C_C_C_C_C_C_C1_4_1","LRSun_B","LAND RATIO (LR) SUNFLOWER","0.1 : 0.2 : 1.7","C_C_C_C_C_C_C_C_C_C_C_C_C1_4_1",0
"C_C_C_C_C_C_C_C_C_C_C_C1_2","LRSun_D","LAND RATIO (LR) WHEAT","0.1 : 0.2 : 1.7","C_C_C_C_C_C_C_C_C_C_C_C1_2",0
"C_C_C_C_C_C_C_C_C_C_C_C_C_C_C_C1_4_1","LRTobac_A","LAND RATIO TOBACCO","0.1 : 0.2 : 1.7","C_C_C_C_C_C_C_C_C_C_C_C_C_C_C_C1_4_1",0
"C_C_C_C_C_C_C_C_C_C_C_C_C_C_C_C_C1_4_1","LRTobac_B","LAND RATIO TOBACCO","0.1 : 0.2 : 1.7","C_C_C_C_C_C_C_C_C_C_C_C_C_C_C_C_C1_4_1",0
"C_C_C_C_C_C24_1_1","MAR","MEAN ANNUAL RUN-OFF KM3 (1) (1)","0.0 : 12.0 : 180.0","C_C_C_C_C_C24_1_1=C_C_C_C_C1_1_1 * 135 / 948 ",0
"C968","NoHairSalons","C968: NO OF HAIR SALONS","0.0 : 20.0 : 500.0","C968",0
"C_C_C958","NumBrewers","C958: NO OF BREWERS","0.0 : 25.0 : 500.0","C_C_C958=C957 * 0.02",0
"C_C_C_C879","OtherFruitVegHA","C879:  OTHER F&V","0.0 : 840.0 : 6720.0","C_C_C_C879",0
"C_C_C_C_C_C879","OtherTobacHA","C879:  OTHER TOBACCO","0.0 : 840.0 : 6720.0","C_C_C_C_C_C879",0
"C_C_C_C_C_C_C_C_C_C_C_C32_1_3","PercBioDslSoy_A","PERC_AREASOYFORBIODIESEL","0.0 : 0.1 : 1.0","C_C_C_C_C_C_C_C_C_C_C_C32_1_3",0
"C_C_C_C_C_C_C_C_C_C_C_C_C32_1_3","PercBioDslSoy_B","PERC_AREASOYFORBIODIESEL","0.0 : 0.1 : 1.0","C_C_C_C_C_C_C_C_C_C_C_C_C32_1_3",0
"C_C_C_C_C_C_C_C_C_C_C_C32_1_2","PercBioDslSun_A","PERC_AREASUNFLOWERFORBIODIESEL","0.0 : 0.1 : 1.0","C_C_C_C_C_C_C_C_C_C_C_C32_1_2",0
"C_C_C_C_C_C_C_C_C_C_C_C_C32_1_2","PercBioDslSun_B","PERC_AREASUNFLOWERFORBIODIESEL","0.0 : 0.1 : 1.0","C_C_C_C_C_C_C_C_C_C_C_C_C32_1_2",0
"C_C_C_C_C_C_C_C_C_C_C_C32_1_1_2","PercBioEthCane_A","PERC_AREABIOETHANOL_SUGARCANE","0.0 : 0.1 : 1.0","C_C_C_C_C_C_C_C_C_C_C_C32_1_1_2",0
"C_C_C_C_C_C_C_C_C_C_C_C_C32_1_1_2","PercBioEthCane_B","PERC_AREABIOETHANOL_SUGARCANE","0.0 : 0.1 : 1.0","C_C_C_C_C_C_C_C_C_C_C_C_C32_1_1_2",0
"C_C_C_C_C_C_C_C_C_C_C_C32_1_1","PercBioEthGrain_A","PERC_AREABIOETHANOL_GRAIN","0.0 : 0.1 : 1.0","C_C_C_C_C_C_C_C_C_C_C_C32_1_1",0
"C_C_C_C_C_C_C_C_C_C_C_C_C32_1_1","PercBioEthGrain_B","PERC_AREABIOETHANOL_GRAIN","0.0 : 0.1 : 1.0","C_C_C_C_C_C_C_C_C_C_C_C_C32_1_1",0
"C_C_C_C_C_C_C_C_C_C_C_C_C32_1_1_1","PercBioEthWheat_A","PERC_AREABIOETHANOL_WHEAT  (1)","0.0 : 0.1 : 1.0","C_C_C_C_C_C_C_C_C_C_C_C_C32_1_1_1",0
"C_C_C_C_C_C_C_C_C_C_C_C32_1_1_1","PercBioEthWheat_B","PERC_AREABIOETHANOL_WHEAT  (1)","0.0 : 0.1 : 1.0","C_C_C_C_C_C_C_C_C_C_C_C32_1_1_1",0
"C888","PineHA","C888: PINE AREA","0.0 : 5250.0 : 42000.0","C888",0
"C_C_C_C_C_C36","PlnDamStor","DAMS: PLANNED WATER  STORAGE THIS YR (KM3)","0.0 : 25.0 : 250.0","C_C_C_C_C_C36=C_C_C_C_C31_2+C_C_C_C_C31",0
"C_C_C_C_C_C31","PlnStorAbs","PLANNED STORAGE  ABSTRACTION THIS YR","0.0 : 20.0 : 200.0","C_C_C_C_C_C31=C955+C956",0
"C956","PlnWatAbs","C956: PLANNED WATER ABSTRACTION WITHIN NELSPRUIT MAGISTERIAL  DISTRICT","0.0 : 2.0 : 30.0","C956",0
"C_C_C_C_C_C40","PlnWatAvail","PLANNED WATER AVAILABLE  THIS YR (MM3)","-210.0 : 37.0 : 493.0","C_C_C_C_C_C40=C_C_C_C_C38+C_C_C_C_C3_1_1",0
"C890","ProdRateMinInd","C890: MINING & INDUSTRY (PRODUCTION RATES)","0.0 : 18.75 : 150.0","C890",0
"C_C890","ProdRateSugMillMal_A","C890: SUGAR MILL MALELANE (PRODUCTION RATES)","0.0 : 18.75 : 150.0","C_C890",0
"C_C_C890","ProdRateSugMillMal_B","C890: SUGAR MILL MALELANE (PRODUCTION RATES)","0.0 : 18.75 : 150.0","C_C_C890",0
"C937","ProdWaterUseComAgri","C937: PRODUCTIVE WATER USE IN COMMERCIAL AGRICULTURE M3/A","0.0 : 55555555.5556 : 1000000000.0","C937=C_C_C_C_C_C_C_C_C_C_C_C_C26+C_C_C_C_C_C_C_C_C_C_C_C25_1",0
"C979","ProdWatIndustry","C979: PRODUCTIVE WATER USE  IN PULPMILLS, FORESTRY,  MINING & INDUSTRY WATER","0.0 : 15025000.0 : 300500000.0","C979=C894+C_C896",0
"C980","ProdWatSubs","C980: PRODUCTIVE SUBSISTENCE  WATER USE ADDED TO C979","0.0 : 16000000.0 : 320000000.0","C980=C979+C_C976",0
"C_C_C_C_C_C1_1_1","Rain","RAINFALL MM/A","0.0 : 120.0 : 1200.0","C_C_C_C_C_C1_1_1",0
"C_C_C_C_C_C_C_C_C_C_C_C_C8_3","RealCaneHA_A","REAL AREA PLANTED (SUGARCANE) (HA)","0.0 : 4.0 : 48.0","C_C_C_C_C_C_C_C_C_C_C_C_C8_3",0
"C_C_C_C_C_C_C_C_C_C_C_C8_3","RealCaneHA_B","REAL AREA PLANTED (SUGARCANE) (HA)","0.0 : 166.666666667 : 2000.0","C_C_C_C_C_C_C_C_C_C_C_C8_3",0
"C_C_C_C_C_C_C_C_C_C_C_C8_4","RealFruitHA_A","REAL AREA PLANTED (FRUIT & NUTS) (HA)","0.0 : 333.333333333 : 3000.0","C_C_C_C_C_C_C_C_C_C_C_C8_4",0
"C_C_C_C_C_C_C_C_C_C_C_C_C_C_C8_4","RealFruitHA_B","REAL AREA PLANTED (FRUIT & NUTS) (HA)","0.0 : 2.0 : 18.0","C_C_C_C_C_C_C_C_C_C_C_C_C_C_C8_4",0
"C_C_C_C_C_C_C_C_C_C_C_C_C_C4_2_2","RealFruitVegHA_A","REAL AREA PLANTED: FRUIT&VEG (HA)  (2)","0.0 : 2.0 : 16.0","C_C_C_C_C_C_C_C_C_C_C_C_C_C4_2_2",0
"C_C_C_C_C_C_C_C_C_C_C_C4_2_2","RealFruitVegHA_B","REAL AREA PLANTED: FRUIT&VEG (HA)  (2)","0.0 : 840.0 : 6720.0","C_C_C_C_C_C_C_C_C_C_C_C4_2_2",0
"C_C_C_C_C_C_C_C_C_C_C_C8","RealGrainHA_A","REAL AREA PLANTED (GRAIN) (HA)","0.0 : 20.0 : 200.0","C_C_C_C_C_C_C_C_C_C_C_C8",0
"C_C_C_C_C_C_C_C_C_C_C_C_C8","RealGrainHA_B","REAL AREA PLANTED (GRAIN) (HA)","0.0 : 80.0 : 800.0","C_C_C_C_C_C_C_C_C_C_C_C_C8",0
"C_C_C_C_C_C_C_C_C_C_C_C4_2_1_1","RealSoyHA_A","REAL AREA PLANTED: SOYBEANS (HA)","0.0 : 10.0 : 100.0","C_C_C_C_C_C_C_C_C_C_C_C4_2_1_1",0
"C_C_C_C_C_C_C_C_C_C_C_C_C4_2_1_1","RealSoyHA_B","REAL AREA PLANTED: SOYBEANS (HA)","0.0 : 1.0 : 10.0","C_C_C_C_C_C_C_C_C_C_C_C_C4_2_1_1",0
"C_C_C_C_C_C_C_C_C_C_C_C_C_C_C4_2_2","RealSunHA_A","REAL AREA PLANTED: SUNFLOWER (HA)  (2)","0.0 : 4.0 : 48.0","C_C_C_C_C_C_C_C_C_C_C_C_C_C_C4_2_2",0
"C_C_C_C_C_C_C_C_C_C_C_C_C4_2_2","RealSunHA_B","REAL AREA PLANTED: SUNFLOWER (HA)  (2)","0.0 : 4.0 : 48.0","C_C_C_C_C_C_C_C_C_C_C_C_C4_2_2",0
"C_C_C_C_C_C_C_C_C_C_C_C_C_C_C_C_C4_2_2","RealTobacHA_A","REAL AREA PLANTED: TOBACCO (HA)  (2)","0.0 : 15.0 : 120.0","C_C_C_C_C_C_C_C_C_C_C_C_C_C_C_C_C4_2_2",0
"C_C_C_C_C_C_C_C_C_C_C_C_C_C_C_C4_2_2","RealTobacHA_B","REAL AREA PLANTED: TOBACCO (HA)  (2)","0.0 : 840.0 : 6720.0","C_C_C_C_C_C_C_C_C_C_C_C_C_C_C_C4_2_2",0
"C_C_C_C_C_C_C_C_C_C_C_C_C_C8_4","RealWheatHA_A","REAL AREA PLANTED WHEAT(HA)","0.0 : 4.0 : 48.0","C_C_C_C_C_C_C_C_C_C_C_C_C_C8_4",0
"C_C_C_C_C_C_C_C_C_C_C_C_C8_4","RealWheatHA_B","REAL AREA PLANTED WHEAT(HA)","0.0 : 4.0 : 48.0","C_C_C_C_C_C_C_C_C_C_C_C_C8_4",0
"C897","RetFlowPerc_A","C897: % RETURN FLOW","0.0 : 5.0 : 50.0","C897=C_C_C894*0.5",0
"C898","RetFlowPerc_B","C898: % RETURN FLOW","0.0 : 5.0 : 50.0","C898=C_C894*1.1",0
"C957","RurHouse","C957: RURAL HOUSEHOLDS","0.0 : 1000.0 : 25000.0","C957",0
"C_C_C885","RurPop_A","C885: RURAL POPULATION  (M3/A)","0.0 : 20000.0 : 300000.0","C_C_C885",0
"C_C_C_C885","RurPop_B","C885: RURAL POPULATION  (M3/A)","0.0 : 20000.0 : 300000.0","C_C_C_C885",0
"C885","RurPop_C","C885: URBAN POPULATION  (M3/A)","0.0 : 20000.0 : 300000.0","C885",0
"C938","SumDirectVAD","C938: ADDITUP  DIRECT VAD (R)","0.0 : 300000000.0 : 3000000000.0","C938=C_C_C_C_C_C_C_C_C_C_C_C30+C_C_C_C_C_C_C_C_C_C_C_C_C30",0
"C_C_C_C880","SunHA","C880: SUNFLOWER","0.0 : 4.0 : 48.0","C_C_C_C880",0
"C_C_C_C_C_C3","Temperature","TEMPERATURE RANGE (DEGREES CELCIUS)","15.0 : 2.0 : 35.0","C_C_C_C_C_C3",0
"C939","TotalVAD","C939:  TOTAL VAD (R)","0.0 : 800000000.0 : 8000000000.0","C939=C_C_C_C_C_C_C_C_C_C_C_C30_1+C_C_C_C_C_C_C_C_C_C_C_C_C30_1",0
"C_C_C_C_C_C_C_C_C_C_C_C_C9","TotBioDslProd_A","TOTAL BIODIESEL PRODN (LITRES)","0.0 : 4000.0 : 40000.0","C_C_C_C_C_C_C_C_C_C_C_C_C9=C_C_C_C_C_C_C_C_C_C_C_C_C41_2 + C_C_C_C_C_C_C_C_C_C_C_C_C41_3_2",0
"C_C_C_C_C_C_C_C_C_C_C_C9","TotBioDslProd_B","TOTAL BIODIESEL PRODN (LITRES)","0.0 : 4000.0 : 40000.0","C_C_C_C_C_C_C_C_C_C_C_C9=C_C_C_C_C_C_C_C_C_C_C_C41_2+C_C_C_C_C_C_C_C_C_C_C_C41_3_2",0
"C_C_C_C_C_C_C_C_C_C_C_C_C8_3_1_1_1_2_1","TotBioEthProd_A","TOTAL BIOETHANOL_PRODN (LITRES)","0.0 : 500000.0 : 5000000.0","C_C_C_C_C_C_C_C_C_C_C_C_C8_3_1_1_1_2_1=C_C883 + C_C_C_C_C_C_C_C_C_C_C_C_C8_3_1_1_1_2",0
"C_C_C_C_C_C_C_C_C_C_C_C8_3_1_1_1_2_1","TotBioEthProd_B","TOTAL BIOETHANOL_PRODN (LITRES)","0.0 : 280000.0 : 2800000.0","C_C_C_C_C_C_C_C_C_C_C_C8_3_1_1_1_2_1=C883+C_C_C_C_C_C_C_C_C_C_C_C8_3_1_1_1_2",0
"C_C_C_C_C_C_C_C_C_C_C_C12","TotBioFuelProd_A","TOTAL BIOFUEL PRODUCTION (LITRES)","0.0 : 150000.0 : 3000000.0","C_C_C_C_C_C_C_C_C_C_C_C12=C_C_C_C_C_C_C_C_C_C_C_C8_3_1_1_1_2_1+C_C_C_C_C_C_C_C_C_C_C_C9",0
"C_C_C_C_C_C_C_C_C_C_C_C_C12","TotBioFuelProdDry_B","TOTAL BIOFUEL PRODUCTION (LITRES): DRYLAND CROPS","0.0 : 260000.0 : 5200000.0","C_C_C_C_C_C_C_C_C_C_C_C_C12=C_C_C_C_C_C_C_C_C_C_C_C_C8_3_1_1_1_2_1 + C_C_C_C_C_C_C_C_C_C_C_C_C9",0
"C976","TotEarnSubs","C976: TOTAL EARNINGS  FROM SUBSISTENCE (R)","0.0 : 2000000.0 : 40000000.0","C976=C975+C973",0
"C981","TotProdWatNelspruit","C981: TOTAL WATER PRODUCTIVELY  USED IN NELSPRUIT MAGISTERIAL  DISTRICT IN ALL SECTORS","0.0 : 66000000.0 : 1320000000.0","C981=C980+C937",0
"C_C_C_C_C_C_C_C_C_C_C_C27_1","TotVADCereal_A","TOT VAD:  MAIZE & WHEAT (1)","0.0 : 1250000.0 : 12500000.0","C_C_C_C_C_C_C_C_C_C_C_C27_1=C_C_C_C_C_C_C_C_C_C_C_C17_1+C_C_C_C_C_C_C_C_C_C_C_C13_1",0
"C_C_C_C_C_C_C_C_C_C_C_C_C27_1","TotVADCereal_B","TOT VAD:  MAIZE & WHEAT (1)","0.0 : 2420000.0 : 24200000.0","C_C_C_C_C_C_C_C_C_C_C_C_C27_1=C_C_C_C_C_C_C_C_C_C_C_C_C17_1 + C_C_C_C_C_C_C_C_C_C_C_C_C13_1",0
"C_C_C_C_C_C_C_C_C_C_C_C_C30_1","TotVADDry","TOTAL VAD:  DRYLAND CROPS (1) (R/A)","0.0 : 6000000.0 : 120000000.0","C_C_C_C_C_C_C_C_C_C_C_C_C30_1= C_C_C_C_C_C_C_C_C_C_C_C_C29_1+C950",0
"C951","TotVADDryTobac","C951: TOTAL VAD DRYLAND TOBACCO","0.0 : 1000000.0 : 22000000.0","C951=C936*5.4*8",0
"C_C_C_C_C_C_C_C_C_C_C_C29_1","TotVADFruitCane_A","TOT VAD:  SUGARCANE & FRUIT& NUTS (1) (R/A)","0.0 : 104000000.0 : 1040000000.0","C_C_C_C_C_C_C_C_C_C_C_C29_1=C_C_C_C_C_C_C_C_C_C_C_C18_1+C_C_C_C_C_C_C_C_C_C_C_C28_1",0
"C_C_C_C_C_C_C_C_C_C_C_C_C29_1","TotVADFruitCane_B","TOT VAD:  SUGARCANE & FRUIT& NUTS (1) (R/A)","0.0 : 3500000.0 : 70000000.0","C_C_C_C_C_C_C_C_C_C_C_C_C29_1=C_C_C_C_C_C_C_C_C_C_C_C_C18_1 + C_C_C_C_C_C_C_C_C_C_C_C_C28_1",0
"C_C_C_C_C_C_C_C_C_C_C_C30_1","TotVADIrr","TOTAL VAD:  IRRIGATED CROPS (1) (R/A)","0.0 : 305250000.0 : 3052500000.0","C_C_C_C_C_C_C_C_C_C_C_C30_1=C_C_C_C_C_C_C_C_C_C_C_C29_1+1*C_C945",0
"C953","TotVadWC","C953: TOTAL VAD WESTERN CAPE (R)","0.0 : 1000000000.0 : 10000000000.0","C953=C_C944+C939",0
"C886","TotWaterUse_A","C886:TOTAL WATER USE","0.0 : 47058823.5294 : 800000000.0","C886=C954+C896",0
"C_C886","TotWaterUse_B","C886:TOTAL WATER USE","0.0 : 47058823.5294 : 800000000.0","C_C886=C_C954 + C_C_C896",0
"C_C976","TotWatUseSubs","C976: TOTAL WATER-USE: SUBSISTENCE (M3)","0.0 : 24000.0 : 600000.0","C_C976=C_C975 + C_C973",0
"C_C_C_C_C_C_C_C_C_C_C_C_C18_1","TVADCaneRA_A","TVAD SUGARCANE (1) (R/A)","0.0 : 30000.0 : 660000.0","C_C_C_C_C_C_C_C_C_C_C_C_C18_1=C_C_C_C_C_C_C_C_C_C_C_C_C21 * 9.910000",0
"C_C_C_C_C_C_C_C_C_C_C_C18_1","TVADCaneRA_B","TVAD SUGARCANE (1) (R/A)","0.0 : 50000000.0 : 500000000.0","C_C_C_C_C_C_C_C_C_C_C_C18_1=C_C_C_C_C_C_C_C_C_C_C_C21*9.910000",0
"C_C942","TVADFor","C942: TVAD FORESTRY","0.0 : 175100000.0 : 1751000000.0","C_C942=C895 * 17.51",0
"C_C944","TVADForMin","C944: TVAD FORESTRY  & MINING","0.0 : 177260000.0 : 1772600000.0","C_C944=C_C942 + C_C943",0
"C_C_C_C_C_C_C_C_C_C_C_C_C28_1","TVADFruitRA_A","TVAD: FRUIT &  NUTS (1)(R/A)","0.0 : 10000.0 : 220000.0","C_C_C_C_C_C_C_C_C_C_C_C_C28_1=C_C_C_C_C_C_C_C_C_C_C_C_C22 * 5.400000",0
"C_C_C_C_C_C_C_C_C_C_C_C28_1","TVADFruitRA_B","TVAD: FRUIT &  NUTS (1)(R/A)","0.0 : 54000000.0 : 540000000.0","C_C_C_C_C_C_C_C_C_C_C_C28_1=C_C_C_C_C_C_C_C_C_C_C_C22*5.400000",0
"C_C_C_C_C_C_C_C_C_C_C_C13_1","TVADGrainRA_A","TVAD GRAIN (1) (R/A)","0.0 : 1000000.0 : 10000000.0","C_C_C_C_C_C_C_C_C_C_C_C13_1=C_C_C_C_C_C_C_C_C_C_C_C19*5.400000",0
"C_C_C_C_C_C_C_C_C_C_C_C_C13_1","TVADGrainRA_B","TVAD GRAIN (1) (R/A)","0.0 : 2200000.0 : 22000000.0","C_C_C_C_C_C_C_C_C_C_C_C_C13_1=C_C_C_C_C_C_C_C_C_C_C_C_C19 * 5.400000",0
"C_C945","TVADIrrAgri","C945: TOTAL VAD IRRIGATED AGRICULTURE (R)","0.0 : 202000000.0 : 2020000000.0","C_C945=C_C941+C_C_C_C_C_C_C_C_C_C_C_C27_1",0
"C_C943","TVADMin","C943:TVAD MINING","0.0 : 2160000.0 : 21600000.0","C_C943=C894 * 5.4 * 16",0
"C_C941","TVADTobac_A","C941: TVAD TOBACCO","0.0 : 200000000.0 : 2000000000.0","C_C941=C934 * 5.4 * 8",0
"C_C_C_C_C_C_C_C_C_C_C_C17_1","TVADWheatRA_A","TVAD WHEAT (1) (R/A)","0.0 : 250000.0 : 2500000.0","C_C_C_C_C_C_C_C_C_C_C_C17_1=C_C_C_C_C_C_C_C_C_C_C_C20*5.400000",0
"C_C_C_C_C_C_C_C_C_C_C_C_C17_1","TVADWheatRA_B","TVAD WHEAT (1) (R/A)","0.0 : 11000.0 : 253000.0","C_C_C_C_C_C_C_C_C_C_C_C_C17_1=C_C_C_C_C_C_C_C_C_C_C_C_C20 * 5.400000",0
"C_C885","UrbPop","C885: URBAN POPULATION  (M3/A)","0.0 : 20000.0 : 300000.0","C_C885",0
"C_C_C_C_C_C_C_C_C_C_C_C_C_C_C16","UrbPopWatUse_A","URBAN POPULATION  WATER USE (M3/A)","0.0 : 400000.0 : 8000000.0","C_C_C_C_C_C_C_C_C_C_C_C_C_C_C16=C_C_C_C885 * 25",0
"C_C_C_C_C_C_C_C_C_C_C_C16","UrbPopWatUse_B","URBAN POPULATION  WATER USE (M3/A)","0.0 : 3000000.0 : 60000000.0","C_C_C_C_C_C_C_C_C_C_C_C16=C885*200",0
"C_C_C_C_C_C_C_C_C_C_C_C_C_C16","UrbPopWatUse_C","URBAN POPULATION  WATER USE (M3/A)","0.0 : 400000.0 : 8000000.0","C_C_C_C_C_C_C_C_C_C_C_C_C_C16=C_C_C885 * 25",0
"C_C_C_C_C_C_C_C_C_C_C_C_C16","UrbPopWatUse_D","URBAN POPULATION  WATER USE (M3/A)","0.0 : 3000000.0 : 60000000.0","C_C_C_C_C_C_C_C_C_C_C_C_C16=C_C885 * 200",0
"C_C_C_C_C_C_C_C_C_C_C_C_C29","VADCaneFruitRA_A","VAD: SUGARCANE & FRUIT& NUTS (R/A)","0.0 : 25000.0 : 700000.0","C_C_C_C_C_C_C_C_C_C_C_C_C29=C_C_C_C_C_C_C_C_C_C_C_C_C18 + C_C_C_C_C_C_C_C_C_C_C_C_C28",0
"C_C_C_C_C_C_C_C_C_C_C_C29","VADCaneFruitRA_B","VAD: SUGARCANE & FRUIT& NUTS (R/A)","0.0 : 25000000.0 : 250000000.0","C_C_C_C_C_C_C_C_C_C_C_C29=C_C_C_C_C_C_C_C_C_C_C_C18+C_C_C_C_C_C_C_C_C_C_C_C28",0
"C_C_C_C_C_C_C_C_C_C_C_C18","VADCaneRA_A","VAD SUGARCANE (R/A)","0.0 : 5000000.0 : 50000000.0","C_C_C_C_C_C_C_C_C_C_C_C18=C_C_C_C_C_C_C_C_C_C_C_C21*0.920000",0
"C_C_C_C_C_C_C_C_C_C_C_C_C18","VADCaneRA_B","VAD SUGARCANE (R/A)","0.0 : 20400.0 : 510000.0","C_C_C_C_C_C_C_C_C_C_C_C_C18=C_C_C_C_C_C_C_C_C_C_C_C_C21 * 0.920000",0
"C_C_C_C_C_C_C_C_C_C_C_C27","VADCerealsRA_A","VAD: MAIZE & WHEAT (R/A)","0.0 : 250000.0 : 5000000.0","C_C_C_C_C_C_C_C_C_C_C_C27=C_C_C_C_C_C_C_C_C_C_C_C13+C_C_C_C_C_C_C_C_C_C_C_C17",0
"C_C_C_C_C_C_C_C_C_C_C_C_C27","VADCerealsRA_B","VAD: MAIZE & WHEAT (R/A)","0.0 : 880000.0 : 8800000.0","C_C_C_C_C_C_C_C_C_C_C_C_C27=C_C_C_C_C_C_C_C_C_C_C_C_C13 + C_C_C_C_C_C_C_C_C_C_C_C_C17",0
"C942","VADFor","C942: VAD FORESTRY","0.0 : 13450000.0 : 134500000.0","C942=C895*1.345",0
"C_C_C_C_C_C_C_C_C_C_C_C28","VADFruitVegRA_A","VAD FRUIT, NUTS, VEG (R/A)","0.0 : 20000000.0 : 200000000.0","C_C_C_C_C_C_C_C_C_C_C_C28=C_C_C_C_C_C_C_C_C_C_C_C22*1.836000",0
"C_C_C_C_C_C_C_C_C_C_C_C_C28","VADFruitVegRA_B","VAD FRUITS & NUTS (R/A)","0.0 : 3000.0 : 63000.0","C_C_C_C_C_C_C_C_C_C_C_C_C28=C_C_C_C_C_C_C_C_C_C_C_C_C22 * 1.836000",0
"C_C_C_C_C_C_C_C_C_C_C_C13","VADGrainRA_A","VAD GRAIN (R/A)","0.0 : 200000.0 : 4000000.0","C_C_C_C_C_C_C_C_C_C_C_C13=C_C_C_C_C_C_C_C_C_C_C_C19*1.836000",0
"C_C_C_C_C_C_C_C_C_C_C_C_C13","VADGrainRA_B","VAD GRAIN (R/A)","0.0 : 800000.0 : 8000000.0","C_C_C_C_C_C_C_C_C_C_C_C_C13=C_C_C_C_C_C_C_C_C_C_C_C_C19 * 1.836000",0
"C943","VADMin","C943:VAD MINING","0.0 : 800000.0 : 8000000.0","C943=C894*1.836*16",0
"C941","VADTobac","C941: VAD TOBACCO","0.0 : 30000000.0 : 600000000.0","C941=C934*1.836*8",0
"C948","VADTobacR","C948: VAD TOBACCO (R)","0.0 : 500000.0 : 10000000.0","C948=C936*1.836*8",0
"C_C_C_C_C_C_C_C_C_C_C_C17","VADWheatRA_A","VAD WHEAT (R/A)","0.0 : 50000.0 : 1000000.0","C_C_C_C_C_C_C_C_C_C_C_C17=C_C_C_C_C_C_C_C_C_C_C_C20*1.836000",0
"C_C_C_C_C_C_C_C_C_C_C_C_C17","VADWheatRA_B","VAD WHEAT (R/A)","0.0 : 8000.0 : 80000.0","C_C_C_C_C_C_C_C_C_C_C_C_C17=C_C_C_C_C_C_C_C_C_C_C_C_C20 * 1.836000",0
"C944","VASForMin","C944: VAD FORESTRY  & MINING","0.0 : 10000000.0 : 150000000.0","C944=C942+C943",0
"C966","VegGardEarnings","C966: EARNINGS FROM  VEG GARDENS","0.0 : 80000.0 : 2000000.0","C966=C959*13",0
"C958","VegGardens","C958: VEG GARDENS","0.0 : 500.0 : 12000.0","C958=C957*0.295",0
"C_C892","WasteWatTreat_A","C892: WASTEWATER  TREATMENT WORKS (M3/A)","0.0 : 2000000.0 : 22000000.0","C_C892=2 * C_C885 * 100 / 1000",0
"C892","WasteWatTreat_B","C892: WASTEWATER  TREATMENT WORKS (M3/A)","0.0 : 2000000.0 : 22000000.0","C892=2*C885*100/1000",0
"C_C896","WatAbsIndMinForIncRF","C_C896: WATER ABSTRACTION FORESTRY, INDUSTRY, MINING  ( INCL RETURN FLOWS)","0.0 : 30000000.0 : 300000000.0","C_C896=C901*1000000+C895",0
"C_C_C_C_C_C3_1_1","WatBalance","WATER BALANCE INCLUDING  DAM ALLOCATIONS (70MM3/A)  FROM OUTSIDE CATCHMENT  AREA YR MM3","-150.0 : 8.13953488372 : 200.0","C_C_C_C_C_C3_1_1=C_C_C_C_C24-C956",0
"C_C_C_C_C_C881","WaterRatio_A","C881: WATER RATIO","0.0 : 40.0 : 400.0","C_C_C_C_C_C881",0
"C_C_C_C_C881","WaterRatio_B","C881: WATER RATIO","0.0 : 40.0 : 400.0","C_C_C_C_C881",0
"C_C_C894","WaterUse_C","C_C_C894: WATER USE","0.0 : 3.0 : 24.0","C_C_C894",0
"C894","WaterUse_A","C894: WATER USE","0.0 : 31250.0 : 250000.0","C894",0
"C_C894","WaterUse_B","C_C894: WATER USE","0.0 : 2.0 : 16.0","C_C894",0
"C895","WaterUse_D","C895: WATER USE","0.0 : 10000000.0 : 100000000.0","C895=C888*1125+C889*1125",0
"C932","WaterUseAlienVeg","C932: WATER USE: ALIEN VEGETATION MM3","0.0 : 10.0 : 100.0","C932=0.17868*C931",0
"C899","WaterUseRF_A","C899: WATER USE INCL RETURN FLOWS","-80.0 : 10.0 : 80.0","C899=C_C_C894-C897",0
"C900","WaterUseRF_B","C900: WATER USE INCL  RETURN FLOWS","-80.0 : 10.0 : 80.0","C900=C_C894-C898",0
"C936","WaterUseTobac_A","C936: WATER USE: TOBACCO","0.0 : 25000.0 : 500000.0","C936=C_C_C_C_C_C_C_C_C_C_C_C_C_C_C_C_C4_2_2*3938",0
"C_C936","WaterUseTobac_B","C936: WATER USE: TOBACCO","0.0 : 25000.0 : 500000.0","C_C936=C_C_C_C_C_C_C879* 3938",0
"C_C_C_C_C_C37","WatLosses","WATER LOSSES(MM3)","0.0 : 2.0 : 50.0","C_C_C_C_C_C37=C_C_C_C_C25+C_C_C_C_C31_1_1_1",0
"C_C_C_C_C_C_C_C_C_C_C_C26","WatUseAbs_A","WATER USE ABSTRACTION  (M3/A)","0.0 : 32000000.0 : 320000000.0","C_C_C_C_C_C_C_C_C_C_C_C26=1*C_C_C_C_C_C_C_C_C_C_C_C16+1*C_C_C_C_C_C_C_C_C_C_C_C25_1",0
"C_C_C_C_C_C_C_C_C_C_C_C_C_C26","WatUseAbs_B","WATER USE ABSTRACTION  (M3/A)","0.0 : 32000000.0 : 320000000.0","C_C_C_C_C_C_C_C_C_C_C_C_C_C26=1 * C_C_C_C_C_C_C_C_C_C_C_C_C16 + 1 * C_C_C_C_C_C_C_C_C_C_C_C_C_C25_1",0
"C_C_C_C_C_C_C_C_C_C_C_C_C26","WatUseAbs1_A","WATER USE ABSTRACTION 1 (KM3)","0.0 : 325000.0 : 6500000.0","C_C_C_C_C_C_C_C_C_C_C_C_C26=1 * C_C_C_C_C_C_C_C_C_C_C_C_C25_1+C936",0
"C_C_C_C_C_C_C_C_C_C_C_C_C_C_C26","WatUseAbs1_B","WATER USE ABSTRACTION 1 (KM3)","0.0 : 6818181.81818 : 150000000.0","C_C_C_C_C_C_C_C_C_C_C_C_C_C_C26=1 * C_C_C_C_C_C_C_C_C_C_C_C_C_C_C25_1 + C_C936",0
"C_C_C959","WatUseBrewers","C959: WATER USE BREWERS","0.0 : 300.0 : 6000.0","C_C_C959=C_C_C958 * 8.34",0
"C_C_C_C959","WatUseBuild","C959: WATER USE BUILDING","0.0 : 1000.0 : 20000.0","C_C_C_C959=C_C_C_C958 * 1.606",0
"C_C_C_C_C_C_C959","WatUseCattle","C959: WATER USE CATTLE","0.0 : 10000.0 : 200000.0","C_C_C_C_C_C_C959=C_C_C_C_C_C_C958 * 25.823",0
"C_C_C_C_C_C_C_C_C_C_C_C_C25_1","WatUseDryland_A","WATER USE: DRYLAND M3/A","0.0 : 280000.0 : 5600000.0","C_C_C_C_C_C_C_C_C_C_C_C_C25_1=C_C_C_C_C_C_C_C_C_C_C_C_C23 + C_C884",0
"C_C_C_C_C_C_C_C_C_C_C_C_C_C_C25_1","WatUseDryland_B","WATER USE: DRYLAND M3/A","0.0 : 325000.0 : 6500000.0","C_C_C_C_C_C_C_C_C_C_C_C_C_C_C25_1=C_C_C_C_C_C_C_C_C_C_C_C_C_C_C23 + C_C_C_C884",0
"C964","WatUseEarnings","C964: EARNINGS FROM  WATER USE (R)","0.0 : 240000.0 : 6000000.0","C964=C_C_C_C959*300",0
"C_C959","WatUseFruit","C959: WATER USE FRUIT TREES","0.0 : 7500.0 : 150000.0","C_C959=C_C958 * 4.639",0
"C_C_C_C_C_C959","WatUseGoats","C959: WATER USE GOATS  HH TOTAL","0.0 : 2000.0 : 50000.0","C_C_C_C_C_C959=C_C_C_C_C_C958 * 2.46375",0
"C_C_C_C_C_C_C_C959","WatUseHair","C959: WATER USE HAIR SALON","0.0 : 200.0 : 4000.0","C_C_C_C_C_C_C_C959=C968 * 835.75*7/840",0
"C_C_C_C_C959","WatUseIceBlocks","C959: WATER USE ICE BLOCKS","0.0 : 100.0 : 2200.0","C_C_C_C_C959=C_C_C_C_C958 * 0.32485",0
"C_C_C_C_C_C_C_C_C_C_C_C25_1","WatUseIrr_A","WATER USE: IRRIGATION (1) (KM3)","0.0 : 25000000.0 : 250000000.0","C_C_C_C_C_C_C_C_C_C_C_C25_1=C_C_C_C_C_C_C_C_C_C_C_C23+C884",0
"C_C_C_C_C_C_C_C_C_C_C_C_C_C25_1","WatUseIrr_B","WATER USE: IRRIGATION (1) (KM3)","0.0 : 25000000.0 : 250000000.0","C_C_C_C_C_C_C_C_C_C_C_C_C_C25_1=C_C_C_C_C_C_C_C_C_C_C_C_C_C23 + C_C_C884",0
"C959","WatUseVegGard","C959: WATER USE VEG GARDENS","0.0 : 6000.0 : 144000.0","C959=C958*5.21",0
"C940","WCTotBiofuels","C940: WESTERN CAPE TOTAL BIOFUELS (LITRES)","0.0 : 555555.555556 : 10000000.0","C940=C_C_C_C_C_C_C_C_C_C_C_C12+C_C_C_C_C_C_C_C_C_C_C_C_C12",0
"C978","WCTotWatUse","C978: WESTERN CAPE  TOTAL WATER USE  M3/A","0.0 : 100000000.0 : 2000000000.0","C978=C_C886+C_C_C_C_C_C_C_C_C_C_C_C_C_C_C26",0
"C_C_C_C_C_C_C_C_C_C_C_C10","WheatHA","AREA: WHEAT (HA)","0.0 : 4.0 : 48.0","C_C_C_C_C_C_C_C_C_C_C_C10",0
"C_C_C_C_C_C_C_C_C_C_C_C_C8_3_1","YieldCane_A","YIELD: SUGARCANE TONS","0.0 : 250.0 : 5000.0","C_C_C_C_C_C_C_C_C_C_C_C_C8_3_1=C_C_C_C_C_C_C_C_C_C_C_C_C8_3 * 66.65",0
"C_C_C_C_C_C_C_C_C_C_C_C8_3_1","YieldCane_B","YIELD: SUGARCANE TONS","0.0 : 10000.0 : 200000.0","C_C_C_C_C_C_C_C_C_C_C_C8_3_1=C_C_C_C_C_C_C_C_C_C_C_C8_3*66.65",0
"C_C_C_C_C_C_C_C_C_C_C_C_C_C8_3_1","YieldCane_C","YIELD: SUGARCANE TONS","0.0 : 250.0 : 5000.0","C_C_C_C_C_C_C_C_C_C_C_C_C_C8_3_1=C_C_C_C_C_C_C_C_C_C_C_C_C6 * 66.65",0
"C_C_C_C_C_C_C_C_C_C_C_C_C_C12_2","YieldFruit_A","YIELD: FRUIT AND NUTS (TONS) (2)","0.0 : 100.0 : 2000.0","C_C_C_C_C_C_C_C_C_C_C_C_C_C12_2=C_C_C_C_C_C_C_C_C_C_C_C_C5 * 21.3",0
"C_C_C_C_C_C_C_C_C_C_C_C_C12_2","YieldFruit_B","YIELD: FRUIT AND NUTS (TONS) (2)","0.0 : 100.0 : 2000.0","C_C_C_C_C_C_C_C_C_C_C_C_C12_2=C_C_C_C_C_C_C_C_C_C_C_C_C_C_C8_4 * 21.3",0
"C_C_C_C_C_C_C_C_C_C_C_C12_2","YieldFruit_C","YIELD: FRUIT AND NUTS (TONS) (2)","0.0 : 7500.0 : 150000.0","C_C_C_C_C_C_C_C_C_C_C_C12_2=C_C_C_C_C_C_C_C_C_C_C_C8_4 * 21.3",0
"C928","YieldFruitVeg_A","C928: FRUIT AND VEG (MORE) (TONS)","0.0 : 20000.0 : 400000.0","C928=C_C_C_C_C_C_C_C_C_C_C_C4_2_2 * 13.93",0
"C_C_C928","YieldFruitVeg_B","C928: FRUIT AND VEG (MORE) (TONS)","0.0 : 30.0 : 300.0","C_C_C928=C_C_C_C_C879 * 13.93",0
"C_C928","YieldFruitVeg_C","C928: FRUIT AND VEG (MORE) (TONS)","0.0 : 30.0 : 300.0","C_C928=C_C_C_C_C_C_C_C_C_C_C_C_C_C4_2_2 * 13.93",0
"C_C_C926","YieldGrain_A","C926: GRAIN YIELD","0.0 : 500.0 : 5000.0","C_C_C926=C_C_C_C_C_C_C_C_C_C_C_C_C4 * 5.7",0
"C_C926","YieldGrain_B","C926: GRAIN YIELD","0.0 : 500.0 : 5000.0","C_C926=C_C_C_C_C_C_C_C_C_C_C_C_C8 * 5.7",0
"C926","YieldGrain_C","C926: GRAIN YIELD","0.0 : 100.0 : 1000.0","C926=C_C_C_C_C_C_C_C_C_C_C_C8*5.7",0
"C927","YieldSoy_A","C927:YIELD SOYBEANS (TONS)","0.0 : 50.0 : 500.0","C927=C_C_C_C_C_C_C_C_C_C_C_C4_2_1_1*3.125",0
"C_C_C927","YieldSoy_B","C927:YIELD SOYBEANS (TONS)","0.0 : 50.0 : 500.0","C_C_C927=C_C_C_C_C878 * 3.125",0
"C_C927","YieldSoy_C","C927:YIELD SOYBEANS (TONS)","0.0 : 50.0 : 500.0","C_C927=C_C_C_C_C_C_C_C_C_C_C_C_C4_2_1_1 * 3.125",0
"C_C_C930","YieldSun_A","C930: SUNFLOWER SEED YIELD (TONS)","0.0 : 4.0 : 48.0","C_C_C930=C_C_C_C_C880 * 1",0
"C930","YieldSun_B","C930: SUNFLOWER SEED YIELD (TONS)","0.0 : 4.0 : 48.0","C930=C_C_C_C_C_C_C_C_C_C_C_C_C4_2_2*1",0
"C_C930","YieldSun_C","C930: SUNFLOWER SEED YIELD (TONS)","0.0 : 4.0 : 48.0","C_C930=C_C_C_C_C_C_C_C_C_C_C_C_C_C_C4_2_2 * 1",0
"C929","YieldTobac_A","C929:YIELD:TOBACCO","0.0 : 2500.0 : 25000.0","C929=C_C_C_C_C_C_C_C_C_C_C_C_C_C_C_C4_2_2*2.89",0
"C_C_C929","YieldTobac_B","C929:YIELD:TOBACCO","0.0 : 40.0 : 400.0","C_C_C929=C_C_C_C_C_C_C879 * 2.89",0
"C_C929","YieldTobac_C","C929:YIELD:TOBACCO","0.0 : 40.0 : 400.0","C_C929=C_C_C_C_C_C_C_C_C_C_C_C_C_C_C_C_C4_2_2 * 2.89",0
"C882","YieldWheat_A","C882: YIELD: WHEAT (TONS)","0.0 : 50.0 : 500.0","C882=C_C_C_C_C_C_C_C_C_C_C_C_C8_4*19.4",0
"C_C882","YieldWheat_B","C882: YIELD: WHEAT (TONS)","0.0 : 50.0 : 1000.0","C_C882=C_C_C_C_C_C_C_C_C_C_C_C_C_C8_4 * 19.4",0
"C_C_C882","YieldWheat_C","C882: YIELD: WHEAT (TONS)","0.0 : 50.0 : 1000.0","C_C_C882=C_C_C_C_C_C_C_C_C_C_C_C_C10 * 19.4",0
